retention_fraction,minimum_keep,operational_weight,nli_weight,cell_count,recall_macro,recall_min,recall_pooled,selected_count_mean,selected_count_median,selected_count_max,silver_precision_lower_bound_macro,silver_precision_lower_bound_min,mrr_macro,mrr_min,selected_count_ratio,delta_vs_full_p_lb,delta_vs_full_mrr,matched_a2_recall_delta,matched_a2_p_lb_delta,matched_a2_mrr_delta,matched_r2_recall_delta,matched_r2_p_lb_delta,matched_r2_mrr_delta,nli_additive_gain,feasible,violation_count,selected
0.8,8,0.0,0.1,20,0.9931818181818182,0.9090909090909091,0.9936507936507937,19.35,19.5,26,0.8158448378135079,0.5882352941176471,0.9931818181818182,0.9090909090909091,0.8147368421052632,0.14292761316241231,-0.006818181818181834,0.0,0.0,0.0,0.0,0.0,0.0,0.0,False,1,False
0.8,8,0.0,0.2,20,0.9840909090909091,0.9090909090909091,0.9841269841269841,19.35,19.5,26,0.806852742951848,0.5882352941176471,0.9840909090909091,0.9090909090909091,0.8147368421052632,0.13393551830075234,-0.015909090909090873,-0.009090909090909038,-0.008992094861659972,-0.009090909090909038,-0.009090909090909038,-0.008992094861659972,-0.009090909090909038,-0.008992094861659972,False,8,False
0.8,8,0.0,0.3,20,0.9795454545454545,0.9090909090909091,0.9777777777777777,19.35,19.5,26,0.8027557529852926,0.5882352941176471,0.9795454545454545,0.9090909090909091,0.8147368421052632,0.12983852833419696,-0.020454545454545503,-0.013636363636363669,-0.013089084828215358,-0.013636363636363669,-0.013636363636363669,-0.013089084828215358,-0.013636363636363669,-0.013089084828215358,False,8,False
0.8,8,0.0,0.4,20,0.9588636363636363,0.8181818181818182,0.9619047619047619,19.35,19.5,26,0.7840599487894885,0.5882352941176471,0.9552272727272728,0.8181818181818182,0.8147368421052632,0.11114272413839288,-0.044772727272727186,-0.034318181818181914,-0.031784889024019436,-0.03795454545454535,-0.034318181818181914,-0.031784889024019436,-0.03795454545454535,-0.031784889024019436,False,9,False
0.8,8,0.1,0.1,20,0.9931818181818182,0.9090909090909091,0.9936507936507937,19.35,19.5,26,0.8158448378135079,0.5882352941176471,0.9931818181818182,0.9090909090909091,0.8147368421052632,0.14292761316241231,-0.006818181818181834,0.0,0.0,0.0,0.0,0.0,0.0,0.0,False,1,False
0.8,8,0.1,0.2,20,0.9886363636363636,0.9090909090909091,0.9873015873015873,19.35,19.5,26,0.8113981974973024,0.5882352941176471,0.9886363636363636,0.9090909090909091,0.8147368421052632,0.13848097284620675,-0.011363636363636354,-0.004545454545454519,-0.0044466403162055634,-0.004545454545454519,-0.004545454545454519,-0.0044466403162055634,-0.004545454545454519,-0.0044466403162055634,False,8,False
0.8,8,0.1,0.3,20,0.9863636363636363,0.9090909090909091,0.9873015873015873,19.35,19.5,26,0.809125470224575,0.5882352941176471,0.9851136363636364,0.9090909090909091,0.8147368421052632,0.13620824557347944,-0.014886363636363642,-0.006818181818181834,-0.0067193675889328786,-0.008068181818181808,-0.006818181818181834,-0.0067193675889328786,-0.008068181818181808,-0.0067193675889328786,False,8,False
0.8,8,0.1,0.4,20,0.9679545454545455,0.8181818181818182,0.9682539682539683,19.35,19.5,26,0.7923932821228218,0.5882352941176471,0.9607954545454545,0.8181818181818182,0.8147368421052632,0.11947605747172618,-0.03920454545454555,-0.025227272727272654,-0.023451555690686132,-0.03238636363636371,-0.025227272727272654,-0.023451555690686132,-0.03238636363636371,-0.023451555690686132,False,9,False
0.8,8,0.2,0.1,20,0.9931818181818182,0.9090909090909091,0.9936507936507937,19.35,19.5,26,0.8158448378135079,0.5882352941176471,0.9931818181818182,0.9090909090909091,0.8147368421052632,0.14292761316241231,-0.006818181818181834,0.0,0.0,0.0,0.0,0.0,0.0,0.0,False,1,False
0.8,8,0.2,0.2,20,0.9909090909090909,0.9090909090909091,0.9904761904761905,19.35,19.5,26,0.8135721105407807,0.5882352941176471,0.9896590909090909,0.9090909090909091,0.8147368421052632,0.1406548858896851,-0.010340909090909123,-0.002272727272727315,-0.002272727272727204,-0.0035227272727272885,-0.002272727272727315,-0.002272727272727204,-0.0035227272727272885,-0.002272727272727204,False,8,False
0.8,8,0.2,0.3,20,0.9863636363636363,0.9090909090909091,0.9873015873015873,19.35,19.5,26,0.809125470224575,0.5882352941176471,0.982840909090909,0.9090909090909091,0.8147368421052632,0.13620824557347944,-0.017159090909090957,-0.006818181818181834,-0.0067193675889328786,-0.010340909090909123,-0.006818181818181834,-0.0067193675889328786,-0.010340909090909123,-0.0067193675889328786,False,8,False
0.8,8,0.2,0.4,20,0.9654545454545455,0.8181818181818182,0.9650793650793651,19.35,19.5,26,0.7906441182432231,0.5882352941176471,0.9498863636363636,0.8181818181818182,0.8147368421052632,0.11772689359212751,-0.050113636363636416,-0.02772727272727271,-0.025200719570284802,-0.04329545454545458,-0.025454545454545396,-0.022927992297557598,-0.041022727272727266,-0.022927992297557598,False,9,False
0.8,8,0.3,0.1,20,0.9909090909090909,0.9090909090909091,0.9904761904761905,19.35,19.5,26,0.8135721105407807,0.5882352941176471,0.9909090909090909,0.9090909090909091,0.8147368421052632,0.1406548858896851,-0.00909090909090915,-0.002272727272727315,-0.002272727272727204,-0.002272727272727315,0.0,0.0,0.0,0.0,False,4,False
0.8,8,0.3,0.2,20,0.9931818181818182,0.9090909090909091,0.9936507936507937,19.35,19.5,26,0.8158448378135079,0.5882352941176471,0.9907954545454546,0.9090909090909091,0.8147368421052632,0.14292761316241231,-0.00920454545454541,0.0,0.0,-0.0023863636363635754,0.002272727272727315,0.002272727272727204,-0.00011363636363626028,0.002272727272727204,False,2,False
0.8,8,0.3,0.3,20,0.9838636363636363,0.9090909090909091,0.9841269841269841,19.35,19.5,26,0.8073763063449764,0.5882352941176471,0.9778409090909091,0.9090909090909091,0.8147368421052632,0.13445908169388077,-0.02215909090909085,-0.009318181818181892,-0.008468531468531548,-0.015340909090909016,-0.007045454545454577,-0.006195804195804344,-0.013068181818181701,-0.006195804195804344,False,8,False
0.8,8,0.3,0.4,20,0.9609090909090909,0.8181818181818182,0.9619047619047619,19.35,19.5,26,0.7864774515765565,0.5882352941176471,0.9403409090909092,0.8181818181818182,0.8147368421052632,0.11356022692546086,-0.05965909090909083,-0.03227272727272723,-0.029367386236951454,-0.052840909090908994,-0.029999999999999916,-0.02709465896422425,-0.04704545454545439,-0.02709465896422425,False,9,False
0.8,10,0.0,0.1,20,0.9931818181818182,0.9090909090909091,0.9936507936507937,19.35,19.5,26,0.8158448378135079,0.5882352941176471,0.9931818181818182,0.9090909090909091,0.8147368421052632,0.14292761316241231,-0.006818181818181834,0.0,0.0,0.0,0.0,0.0,0.0,0.0,False,1,False
0.8,10,0.0,0.2,20,0.9840909090909091,0.9090909090909091,0.9841269841269841,19.35,19.5,26,0.806852742951848,0.5882352941176471,0.9840909090909091,0.9090909090909091,0.8147368421052632,0.13393551830075234,-0.015909090909090873,-0.009090909090909038,-0.008992094861659972,-0.009090909090909038,-0.009090909090909038,-0.008992094861659972,-0.009090909090909038,-0.008992094861659972,False,8,False
0.8,10,0.0,0.3,20,0.9795454545454545,0.9090909090909091,0.9777777777777777,19.35,19.5,26,0.8027557529852926,0.5882352941176471,0.9795454545454545,0.9090909090909091,0.8147368421052632,0.12983852833419696,-0.020454545454545503,-0.013636363636363669,-0.013089084828215358,-0.013636363636363669,-0.013636363636363669,-0.013089084828215358,-0.013636363636363669,-0.013089084828215358,False,8,False
0.8,10,0.0,0.4,20,0.9588636363636363,0.8181818181818182,0.9619047619047619,19.35,19.5,26,0.7840599487894885,0.5882352941176471,0.9552272727272728,0.8181818181818182,0.8147368421052632,0.11114272413839288,-0.044772727272727186,-0.034318181818181914,-0.031784889024019436,-0.03795454545454535,-0.034318181818181914,-0.031784889024019436,-0.03795454545454535,-0.031784889024019436,False,9,False
0.8,10,0.1,0.1,20,0.9931818181818182,0.9090909090909091,0.9936507936507937,19.35,19.5,26,0.8158448378135079,0.5882352941176471,0.9931818181818182,0.9090909090909091,0.8147368421052632,0.14292761316241231,-0.006818181818181834,0.0,0.0,0.0,0.0,0.0,0.0,0.0,False,1,False
0.8,10,0.1,0.2,20,0.9886363636363636,0.9090909090909091,0.9873015873015873,19.35,19.5,26,0.8113981974973024,0.5882352941176471,0.9886363636363636,0.9090909090909091,0.8147368421052632,0.13848097284620675,-0.011363636363636354,-0.004545454545454519,-0.0044466403162055634,-0.004545454545454519,-0.004545454545454519,-0.0044466403162055634,-0.004545454545454519,-0.0044466403162055634,False,8,False
0.8,10,0.1,0.3,20,0.9863636363636363,0.9090909090909091,0.9873015873015873,19.35,19.5,26,0.809125470224575,0.5882352941176471,0.9851136363636364,0.9090909090909091,0.8147368421052632,0.13620824557347944,-0.014886363636363642,-0.006818181818181834,-0.0067193675889328786,-0.008068181818181808,-0.006818181818181834,-0.0067193675889328786,-0.008068181818181808,-0.0067193675889328786,False,8,False
0.8,10,0.1,0.4,20,0.9679545454545455,0.8181818181818182,0.9682539682539683,19.35,19.5,26,0.7923932821228218,0.5882352941176471,0.9607954545454545,0.8181818181818182,0.8147368421052632,0.11947605747172618,-0.03920454545454555,-0.025227272727272654,-0.023451555690686132,-0.03238636363636371,-0.025227272727272654,-0.023451555690686132,-0.03238636363636371,-0.023451555690686132,False,9,False
0.8,10,0.2,0.1,20,0.9931818181818182,0.9090909090909091,0.9936507936507937,19.35,19.5,26,0.8158448378135079,0.5882352941176471,0.9931818181818182,0.9090909090909091,0.8147368421052632,0.14292761316241231,-0.006818181818181834,0.0,0.0,0.0,0.0,0.0,0.0,0.0,False,1,False
0.8,10,0.2,0.2,20,0.9909090909090909,0.9090909090909091,0.9904761904761905,19.35,19.5,26,0.8135721105407807,0.5882352941176471,0.9896590909090909,0.9090909090909091,0.8147368421052632,0.1406548858896851,-0.010340909090909123,-0.002272727272727315,-0.002272727272727204,-0.0035227272727272885,-0.002272727272727315,-0.002272727272727204,-0.0035227272727272885,-0.002272727272727204,False,8,False
0.8,10,0.2,0.3,20,0.9863636363636363,0.9090909090909091,0.9873015873015873,19.35,19.5,26,0.809125470224575,0.5882352941176471,0.982840909090909,0.9090909090909091,0.8147368421052632,0.13620824557347944,-0.017159090909090957,-0.006818181818181834,-0.0067193675889328786,-0.010340909090909123,-0.006818181818181834,-0.0067193675889328786,-0.010340909090909123,-0.0067193675889328786,False,8,False
0.8,10,0.2,0.4,20,0.9654545454545455,0.8181818181818182,0.9650793650793651,19.35,19.5,26,0.7906441182432231,0.5882352941176471,0.9498863636363636,0.8181818181818182,0.8147368421052632,0.11772689359212751,-0.050113636363636416,-0.02772727272727271,-0.025200719570284802,-0.04329545454545458,-0.025454545454545396,-0.022927992297557598,-0.041022727272727266,-0.022927992297557598,False,9,False
0.8,10,0.3,0.1,20,0.9909090909090909,0.9090909090909091,0.9904761904761905,19.35,19.5,26,0.8135721105407807,0.5882352941176471,0.9909090909090909,0.9090909090909091,0.8147368421052632,0.1406548858896851,-0.00909090909090915,-0.002272727272727315,-0.002272727272727204,-0.002272727272727315,0.0,0.0,0.0,0.0,False,4,False
0.8,10,0.3,0.2,20,0.9931818181818182,0.9090909090909091,0.9936507936507937,19.35,19.5,26,0.8158448378135079,0.5882352941176471,0.9907954545454546,0.9090909090909091,0.8147368421052632,0.14292761316241231,-0.00920454545454541,0.0,0.0,-0.0023863636363635754,0.002272727272727315,0.002272727272727204,-0.00011363636363626028,0.002272727272727204,False,2,False
0.8,10,0.3,0.3,20,0.9838636363636363,0.9090909090909091,0.9841269841269841,19.35,19.5,26,0.8073763063449764,0.5882352941176471,0.9778409090909091,0.9090909090909091,0.8147368421052632,0.13445908169388077,-0.02215909090909085,-0.009318181818181892,-0.008468531468531548,-0.015340909090909016,-0.007045454545454577,-0.006195804195804344,-0.013068181818181701,-0.006195804195804344,False,8,False
0.8,10,0.3,0.4,20,0.9609090909090909,0.8181818181818182,0.9619047619047619,19.35,19.5,26,0.7864774515765565,0.5882352941176471,0.9403409090909092,0.8181818181818182,0.8147368421052632,0.11356022692546086,-0.05965909090909083,-0.03227272727272723,-0.029367386236951454,-0.052840909090908994,-0.029999999999999916,-0.02709465896422425,-0.04704545454545439,-0.02709465896422425,False,9,False
0.8,12,0.0,0.1,20,0.9977272727272727,0.9545454545454546,0.9968253968253968,19.5,19.5,26,0.8075115044801745,0.5882352941176471,0.9977272727272727,0.9545454545454546,0.8210526315789474,0.1345942798290789,-0.002272727272727315,0.0,0.0,0.0,0.0,0.0,0.0,0.0,False,1,False
0.8,12,0.0,0.2,20,0.9886363636363636,0.9090909090909091,0.9873015873015873,19.5,19.5,26,0.7988981974973024,0.5882352941176471,0.9886363636363636,0.9090909090909091,0.8210526315789474,0.1259809728462068,-0.011363636363636354,-0.009090909090909038,-0.008613306982872104,-0.009090909090909038,-0.009090909090909038,-0.008613306982872104,-0.009090909090909038,-0.008613306982872104,False,8,False
0.8,12,0.0,0.3,20,0.9840909090909091,0.9090909090909091,0.9809523809523809,19.5,19.5,26,0.7948012075307471,0.5882352941176471,0.9840909090909091,0.9090909090909091,0.8210526315789474,0.12188398287965152,-0.015909090909090873,-0.013636363636363558,-0.01271029694942738,-0.013636363636363558,-0.013636363636363558,-0.01271029694942738,-0.013636363636363558,-0.01271029694942738,False,8,False
0.8,12,0.0,0.4,20,0.9679545454545455,0.8181818181818182,0.9682539682539683,19.5,19.5,26,0.7806508578803976,0.5882352941176471,0.9643181818181817,0.8181818181818182,0.8210526315789474,0.10773363322930196,-0.03568181818181826,-0.029772727272727173,-0.02686064659977694,-0.033409090909090944,-0.029772727272727173,-0.02686064659977694,-0.033409090909090944,-0.02686064659977694,False,9,False
0.8,12,0.1,0.1,20,0.9977272727272727,0.9545454545454546,0.9968253968253968,19.5,19.5,26,0.8075115044801745,0.5882352941176471,0.9977272727272727,0.9545454545454546,0.8210526315789474,0.1345942798290789,-0.002272727272727315,0.0,0.0,0.0,0.0,0.0,0.0,0.0,False,1,False
0.8,12,0.1,0.2,20,0.9931818181818182,0.9090909090909091,0.9904761904761905,19.5,19.5,26,0.803064864163969,0.5882352941176471,0.9931818181818182,0.9090909090909091,0.8210526315789474,0.13014763951287345,-0.006818181818181834,-0.004545454545454519,-0.004446640316205452,-0.004545454545454519,-0.004545454545454519,-0.004446640316205452,-0.004545454545454519,-0.004446640316205452,False,7,False
0.8,12,0.1,0.3,20,0.9909090909090909,0.9090909090909091,0.9904761904761905,19.5,19.5,26,0.8011709247700296,0.5882352941176471,0.9896590909090909,0.9090909090909091,0.8210526315789474,0.128253700118934,-0.010340909090909123,-0.006818181818181834,-0.0063405797101449,-0.008068181818181808,-0.006818181818181834,-0.0063405797101449,-0.008068181818181808,-0.0063405797101449,False,8,False
0.8,12,0.1,0.4,20,0.9770454545454544,0.9090909090909091,0.9746031746031746,19.5,19.5,26,0.7889841912137309,0.5882352941176471,0.9698863636363637,0.9,0.8210526315789474,0.11606696656263527,-0.030113636363636287,-0.020681818181818246,-0.018527313266443635,-0.027840909090908972,-0.020681818181818246,-0.018527313266443635,-0.027840909090908972,-0.018527313266443635,False,8,False
0.8,12,0.2,0.1,20,0.9977272727272727,0.9545454545454546,0.9968253968253968,19.5,19.5,26,0.8075115044801745,0.5882352941176471,0.9977272727272727,0.9545454545454546,0.8210526315789474,0.1345942798290789,-0.002272727272727315,0.0,0.0,0.0,0.0,0.0,0.0,0.0,False,1,False
0.8,12,0.2,0.2,20,0.9954545454545455,0.9090909090909091,0.9936507936507937,19.5,19.5,26,0.8052387772074473,0.5882352941176471,0.9942045454545454,0.9090909090909091,0.8210526315789474,0.1323215525563517,-0.005795454545454604,-0.002272727272727204,-0.002272727272727204,-0.0035227272727272885,-0.002272727272727204,-0.002272727272727204,-0.0035227272727272885,-0.002272727272727204,False,7,False
0.8,12,0.2,0.3,20,0.9909090909090909,0.9090909090909091,0.9904761904761905,19.5,19.5,26,0.8011709247700296,0.5882352941176471,0.9873863636363636,0.9090909090909091,0.8210526315789474,0.128253700118934,-0.012613636363636438,-0.006818181818181834,-0.0063405797101449,-0.010340909090909123,-0.006818181818181834,-0.0063405797101449,-0.010340909090909123,-0.0063405797101449,False,8,False
0.8,12,0.2,0.4,20,0.9745454545454546,0.9090909090909091,0.9714285714285714,19.5,19.5,26,0.7872350273341322,0.5882352941176471,0.9589772727272727,0.9,0.8210526315789474,0.1143178026830366,-0.041022727272727266,-0.02318181818181808,-0.020276477146042304,-0.03874999999999995,-0.020909090909090877,-0.0180037498733151,-0.03647727272727275,-0.0180037498733151,False,8,False
0.8,12,0.3,0.1,20,0.9954545454545455,0.9090909090909091,0.9936507936507937,19.5,19.5,26,0.8052387772074473,0.5882352941176471,0.9954545454545455,0.9090909090909091,0.8210526315789474,0.1323215525563517,-0.004545454545454519,-0.002272727272727204,-0.002272727272727204,-0.002272727272727204,0.0,0.0,0.0,0.0,False,4,False
0.8,12,0.3,0.2,20,0.9977272727272727,0.9545454545454546,0.9968253968253968,19.5,19.5,26,0.8075115044801745,0.5882352941176471,0.9953409090909091,0.9545454545454546,0.8210526315789474,0.1345942798290789,-0.0046590909090908905,0.0,0.0,-0.0023863636363635754,0.002272727272727204,0.002272727272727204,-0.00011363636363637131,0.002272727272727204,False,2,False
0.8,12,0.3,0.3,20,0.988409090909091,0.9090909090909091,0.9873015873015873,19.5,19.5,26,0.799421760890431,0.5882352941176471,0.9823863636363637,0.9090909090909091,0.8210526315789474,0.12650453623933544,-0.01761363636363633,-0.00931818181818167,-0.008089743589743459,-0.015340909090909016,-0.007045454545454466,-0.005817016317016255,-0.013068181818181812,-0.005817016317016255,False,8,False
0.8,12,0.3,0.4,20,0.97,0.8181818181818182,0.9682539682539683,19.5,19.5,26,0.7830683606674655,0.5882352941176471,0.9494318181818182,0.8181818181818182,0.8210526315789474,0.11015113601636994,-0.05056818181818179,-0.02772727272727271,-0.024443143812708956,-0.048295454545454475,-0.025454545454545507,-0.022170416539981752,-0.04249999999999998,-0.022170416539981752,False,9,False
0.8,14,0.0,0.1,20,0.9977272727272727,0.9545454545454546,0.9968253968253968,19.9,19.5,26,0.7815957535644237,0.5882352941176471,0.9977272727272727,0.9545454545454546,0.8378947368421052,0.10867852891332808,-0.002272727272727315,0.0,0.0,0.0,0.0,0.0,0.0,0.0,False,1,False
0.8,14,0.0,0.2,20,0.9931818181818182,0.9090909090909091,0.9904761904761905,19.9,19.5,26,0.7771491132482181,0.5882352941176471,0.9931818181818182,0.9090909090909091,0.8378947368421052,0.10423188859712251,-0.006818181818181834,-0.004545454545454519,-0.0044466403162055634,-0.004545454545454519,-0.004545454545454519,-0.0044466403162055634,-0.004545454545454519,-0.0044466403162055634,False,7,False
0.8,14,0.0,0.3,20,0.9886363636363636,0.9090909090909091,0.9841269841269841,19.9,19.5,26,0.773052123281663,0.5882352941176471,0.9886363636363636,0.9090909090909091,0.8378947368421052,0.10013489863056735,-0.011363636363636354,-0.009090909090909038,-0.008543630282760728,-0.009090909090909038,-0.009090909090909038,-0.008543630282760728,-0.009090909090909038,-0.008543630282760728,False,8,False
0.8,14,0.0,0.4,20,0.9861363636363636,0.9090909090909091,0.9809523809523809,19.9,19.5,26,0.7714017736313132,0.5882352941176471,0.9824999999999999,0.9090909090909091,0.8378947368421052,0.09848454898021763,-0.01750000000000007,-0.011590909090909096,-0.010193979933110442,-0.015227272727272756,-0.011590909090909096,-0.010193979933110442,-0.015227272727272756,-0.010193979933110442,False,8,False
0.8,14,0.1,0.1,20,0.9977272727272727,0.9545454545454546,0.9968253968253968,19.9,19.5,26,0.7815957535644237,0.5882352941176471,0.9977272727272727,0.9545454545454546,0.8378947368421052,0.10867852891332808,-0.002272727272727315,0.0,0.0,0.0,0.0,0.0,0.0,0.0,False,1,False
0.8,14,0.1,0.2,20,0.9931818181818182,0.9090909090909091,0.9904761904761905,19.9,19.5,26,0.7771491132482181,0.5882352941176471,0.9931818181818182,0.9090909090909091,0.8378947368421052,0.10423188859712251,-0.006818181818181834,-0.004545454545454519,-0.0044466403162055634,-0.004545454545454519,-0.004545454545454519,-0.0044466403162055634,-0.004545454545454519,-0.0044466403162055634,False,7,False
0.8,14,0.1,0.3,20,0.9954545454545455,0.9545454545454546,0.9936507936507937,19.9,19.5,26,0.7794218405209454,0.5882352941176471,0.9942045454545454,0.9545454545454546,0.8378947368421052,0.10650461586984983,-0.005795454545454604,-0.002272727272727204,-0.0021739130434782483,-0.0035227272727272885,-0.002272727272727204,-0.0021739130434782483,-0.0035227272727272885,-0.0021739130434782483,False,7,False
0.8,14,0.1,0.4,20,0.9861363636363636,0.9090909090909091,0.9809523809523809,19.9,19.5,26,0.7714017736313132,0.5882352941176471,0.9789772727272726,0.9,0.8378947368421052,0.09848454898021763,-0.02102272727272736,-0.011590909090909096,-0.010193979933110442,-0.018750000000000044,-0.011590909090909096,-0.010193979933110442,-0.018750000000000044,-0.010193979933110442,False,8,False
0.8,14,0.2,0.1,20,0.9977272727272727,0.9545454545454546,0.9968253968253968,19.9,19.5,26,0.7815957535644237,0.5882352941176471,0.9977272727272727,0.9545454545454546,0.8378947368421052,0.10867852891332808,-0.002272727272727315,0.0,0.0,0.0,0.0,0.0,0.0,0.0,False,1,False
0.8,14,0.2,0.2,20,0.9954545454545455,0.9090909090909091,0.9936507936507937,19.9,19.5,26,0.7793230262916964,0.5882352941176471,0.9942045454545454,0.9090909090909091,0.8378947368421052,0.10640580164060076,-0.005795454545454604,-0.002272727272727204,-0.002272727272727315,-0.0035227272727272885,-0.002272727272727204,-0.002272727272727315,-0.0035227272727272885,-0.002272727272727315,False,7,False
0.8,14,0.2,0.3,20,0.9954545454545455,0.9545454545454546,0.9936507936507937,19.9,19.5,26,0.7794218405209454,0.5882352941176471,0.9919318181818182,0.9545454545454546,0.8378947368421052,0.10650461586984983,-0.008068181818181808,-0.002272727272727204,-0.0021739130434782483,-0.005795454545454493,-0.002272727272727204,-0.0021739130434782483,-0.005795454545454493,-0.0021739130434782483,False,7,False
0.8,14,0.2,0.4,20,0.9836363636363636,0.9090909090909091,0.9777777777777777,19.9,19.5,26,0.7696526097517146,0.5882352941176471,0.9680681818181818,0.9,0.8378947368421052,0.09673538510061896,-0.03193181818181823,-0.014090909090909043,-0.011943143812709112,-0.029659090909090913,-0.011818181818181839,-0.009670416539981797,-0.02738636363636371,-0.009670416539981797,False,8,False
0.8,14,0.3,0.1,20,0.9954545454545455,0.9090909090909091,0.9936507936507937,19.9,19.5,26,0.7793230262916964,0.5882352941176471,0.9954545454545455,0.9090909090909091,0.8378947368421052,0.10640580164060076,-0.004545454545454519,-0.002272727272727204,-0.002272727272727315,-0.002272727272727204,0.0,0.0,0.0,0.0,False,4,False
0.8,14,0.3,0.2,20,0.9977272727272727,0.9545454545454546,0.9968253968253968,19.9,19.5,26,0.7815957535644237,0.5882352941176471,0.9953409090909091,0.9545454545454546,0.8378947368421052,0.10867852891332808,-0.0046590909090908905,0.0,0.0,-0.0023863636363635754,0.002272727272727204,0.002272727272727315,-0.00011363636363637131,0.002272727272727315,False,2,False
0.8,14,0.3,0.3,20,0.9929545454545454,0.95,0.9904761904761905,19.9,19.5,26,0.7776726766413466,0.5882352941176471,0.9869318181818182,0.925,0.8378947368421052,0.10475545199025105,-0.013068181818181812,-0.004772727272727262,-0.003923076923077029,-0.010795454545454497,-0.0025000000000000577,-0.001650349650349714,-0.008522727272727293,-0.001650349650349714,False,8,False
0.8,14,0.3,0.4,20,0.9836363636363636,0.9090909090909091,0.9777777777777777,19.9,19.5,26,0.7696526097517146,0.5882352941176471,0.9630681818181819,0.875,0.8378947368421052,0.09673538510061896,-0.03693181818181812,-0.014090909090909043,-0.011943143812709112,-0.034659090909090806,-0.011818181818181839,-0.009670416539981797,-0.028863636363636314,-0.009670416539981797,False,8,False
0.85,8,0.0,0.1,20,1.0,1.0,1.0,20.7,20.5,28,0.7697566754312278,0.5555555555555556,1.0,1.0,0.871578947368421,0.09683945078013223,0.0,0.0,0.0,0.0,0.0,0.0,0.0,0.0,False,1,True
0.85,8,0.0,0.2,20,0.9909090909090909,0.9090909090909091,0.9904761904761905,20.7,20.5,28,0.7613327623877496,0.5555555555555556,0.9909090909090909,0.9090909090909091,0.871578947368421,0.088415537736654,-0.00909090909090915,-0.00909090909090915,-0.008423913043478226,-0.00909090909090915,-0.00909090909090915,-0.008423913043478226,-0.00909090909090915,-0.008423913043478226,False,7,False
0.85,8,0.0,0.3,20,0.9909090909090909,0.9090909090909091,0.9904761904761905,20.7,20.5,28,0.7613327623877496,0.5555555555555556,0.9909090909090909,0.9090909090909091,0.871578947368421,0.088415537736654,-0.00909090909090915,-0.00909090909090915,-0.008423913043478226,-0.00909090909090915,-0.00909090909090915,-0.008423913043478226,-0.00909090909090915,-0.008423913043478226,False,7,False
0.85,8,0.0,0.4,20,0.9772727272727273,0.9090909090909091,0.9777777777777777,20.7,20.5,28,0.7493847566897439,0.5555555555555556,0.9736363636363636,0.9090909090909091,0.871578947368421,0.07646753203864831,-0.026363636363636367,-0.022727272727272707,-0.02037191874148392,-0.026363636363636367,-0.022727272727272707,-0.02037191874148392,-0.026363636363636367,-0.02037191874148392,False,8,False
0.85,8,0.1,0.1,20,0.9977272727272727,0.9545454545454546,0.9968253968253968,20.7,20.5,28,0.7675827623877496,0.5555555555555556,0.9977272727272727,0.9545454545454546,0.871578947368421,0.09466553773665398,-0.002272727272727315,-0.002272727272727315,-0.0021739130434782483,-0.002272727272727315,-0.002272727272727315,-0.0021739130434782483,-0.002272727272727315,-0.0021739130434782483,False,7,False
0.85,8,0.1,0.2,20,0.9977272727272727,0.9545454545454546,0.9968253968253968,20.7,20.5,28,0.7675827623877496,0.5555555555555556,0.9977272727272727,0.9545454545454546,0.871578947368421,0.09466553773665398,-0.002272727272727315,-0.002272727272727315,-0.0021739130434782483,-0.002272727272727315,-0.002272727272727315,-0.0021739130434782483,-0.002272727272727315,-0.0021739130434782483,False,7,False
0.85,8,0.1,0.3,20,0.9909090909090909,0.9090909090909091,0.9904761904761905,20.7,20.5,28,0.7613327623877496,0.5555555555555556,0.9896590909090909,0.9090909090909091,0.871578947368421,0.088415537736654,-0.010340909090909123,-0.00909090909090915,-0.008423913043478226,-0.010340909090909123,-0.00909090909090915,-0.008423913043478226,-0.010340909090909123,-0.008423913043478226,False,8,False
0.85,8,0.1,0.4,20,0.9840909090909091,0.9090909090909091,0.9841269841269841,20.7,20.5,28,0.7556347566897439,0.5555555555555556,0.9769318181818182,0.9090909090909091,0.871578947368421,0.08271753203864829,-0.02306818181818182,-0.015909090909090873,-0.014121918741483941,-0.02306818181818182,-0.015909090909090873,-0.014121918741483941,-0.02306818181818182,-0.014121918741483941,False,8,False
0.85,8,0.2,0.1,20,0.9977272727272727,0.9545454545454546,0.9968253968253968,20.7,20.5,28,0.7675827623877496,0.5555555555555556,0.9977272727272727,0.9545454545454546,0.871578947368421,0.09466553773665398,-0.002272727272727315,-0.002272727272727315,-0.0021739130434782483,-0.002272727272727315,-0.002272727272727315,-0.0021739130434782483,-0.002272727272727315,-0.0021739130434782483,False,7,False
0.85,8,0.2,0.2,20,0.9977272727272727,0.9545454545454546,0.9968253968253968,20.7,20.5,28,0.7675827623877496,0.5555555555555556,0.9964772727272727,0.9545454545454546,0.871578947368421,0.09466553773665398,-0.0035227272727272885,-0.002272727272727315,-0.0021739130434782483,-0.0035227272727272885,0.0,0.0,-0.0012499999999999734,0.0,False,5,False
0.85,8,0.2,0.3,20,0.9931818181818182,0.9090909090909091,0.9936507936507937,20.7,20.5,28,0.7634160957210829,0.5555555555555556,0.9896590909090909,0.9090909090909091,0.871578947368421,0.09049887106998733,-0.010340909090909123,-0.006818181818181834,-0.0063405797101449,-0.010340909090909123,-0.004545454545454519,-0.004166666666666652,-0.008068181818181808,-0.004166666666666652,False,8,False
0.85,8,0.2,0.4,20,0.9840909090909091,0.9090909090909091,0.9841269841269841,20.7,20.5,28,0.7556347566897439,0.5555555555555556,0.9672727272727272,0.9090909090909091,0.871578947368421,0.08271753203864829,-0.03272727272727283,-0.015909090909090873,-0.014121918741483941,-0.03272727272727283,-0.013636363636363558,-0.011948005698005693,-0.030454545454545512,-0.011948005698005693,False,8,False
0.85,8,0.3,0.1,20,0.9977272727272727,0.9545454545454546,0.9968253968253968,20.7,20.5,28,0.7675827623877496,0.5555555555555556,0.9977272727272727,0.9545454545454546,0.871578947368421,0.09466553773665398,-0.002272727272727315,-0.002272727272727315,-0.0021739130434782483,-0.002272727272727315,0.0,0.0,0.0,0.0,False,4,False
0.85,8,0.3,0.2,20,0.9977272727272727,0.9545454545454546,0.9968253968253968,20.7,20.5,28,0.7675827623877496,0.5555555555555556,0.9953409090909091,0.9545454545454546,0.871578947368421,0.09466553773665398,-0.0046590909090908905,-0.002272727272727315,-0.0021739130434782483,-0.0046590909090908905,0.002272727272727204,0.0021739130434782483,-0.00011363636363637131,0.0021739130434782483,False,4,False
0.85,8,0.3,0.3,20,0.9931818181818182,0.9090909090909091,0.9936507936507937,20.7,20.5,28,0.7634160957210829,0.5555555555555556,0.9871590909090908,0.9090909090909091,0.871578947368421,0.09049887106998733,-0.01284090909090918,-0.006818181818181834,-0.0063405797101449,-0.01284090909090918,-0.002272727272727315,-0.0019927536231884035,-0.008295454545454661,-0.0019927536231884035,False,8,False
0.85,8,0.3,0.4,20,0.9838636363636363,0.9090909090909091,0.9841269841269841,20.7,20.5,28,0.7559323757373629,0.5555555555555556,0.9606439393939393,0.9,0.871578947368421,0.08301515108626734,-0.03935606060606067,-0.016136363636363726,-0.013824299693864894,-0.03935606060606067,-0.011590909090909207,-0.009476473606908398,-0.031287878787878864,-0.009476473606908398,False,8,False
0.85,10,0.0,0.1,20,1.0,1.0,1.0,20.7,20.5,28,0.7697566754312278,0.5555555555555556,1.0,1.0,0.871578947368421,0.09683945078013223,0.0,0.0,0.0,0.0,0.0,0.0,0.0,0.0,False,1,False
0.85,10,0.0,0.2,20,0.9909090909090909,0.9090909090909091,0.9904761904761905,20.7,20.5,28,0.7613327623877496,0.5555555555555556,0.9909090909090909,0.9090909090909091,0.871578947368421,0.088415537736654,-0.00909090909090915,-0.00909090909090915,-0.008423913043478226,-0.00909090909090915,-0.00909090909090915,-0.008423913043478226,-0.00909090909090915,-0.008423913043478226,False,7,False
0.85,10,0.0,0.3,20,0.9909090909090909,0.9090909090909091,0.9904761904761905,20.7,20.5,28,0.7613327623877496,0.5555555555555556,0.9909090909090909,0.9090909090909091,0.871578947368421,0.088415537736654,-0.00909090909090915,-0.00909090909090915,-0.008423913043478226,-0.00909090909090915,-0.00909090909090915,-0.008423913043478226,-0.00909090909090915,-0.008423913043478226,False,7,False
0.85,10,0.0,0.4,20,0.9772727272727273,0.9090909090909091,0.9777777777777777,20.7,20.5,28,0.7493847566897439,0.5555555555555556,0.9736363636363636,0.9090909090909091,0.871578947368421,0.07646753203864831,-0.026363636363636367,-0.022727272727272707,-0.02037191874148392,-0.026363636363636367,-0.022727272727272707,-0.02037191874148392,-0.026363636363636367,-0.02037191874148392,False,8,False
0.85,10,0.1,0.1,20,0.9977272727272727,0.9545454545454546,0.9968253968253968,20.7,20.5,28,0.7675827623877496,0.5555555555555556,0.9977272727272727,0.9545454545454546,0.871578947368421,0.09466553773665398,-0.002272727272727315,-0.002272727272727315,-0.0021739130434782483,-0.002272727272727315,-0.002272727272727315,-0.0021739130434782483,-0.002272727272727315,-0.0021739130434782483,False,7,False
0.85,10,0.1,0.2,20,0.9977272727272727,0.9545454545454546,0.9968253968253968,20.7,20.5,28,0.7675827623877496,0.5555555555555556,0.9977272727272727,0.9545454545454546,0.871578947368421,0.09466553773665398,-0.002272727272727315,-0.002272727272727315,-0.0021739130434782483,-0.002272727272727315,-0.002272727272727315,-0.0021739130434782483,-0.002272727272727315,-0.0021739130434782483,False,7,False
0.85,10,0.1,0.3,20,0.9909090909090909,0.9090909090909091,0.9904761904761905,20.7,20.5,28,0.7613327623877496,0.5555555555555556,0.9896590909090909,0.9090909090909091,0.871578947368421,0.088415537736654,-0.010340909090909123,-0.00909090909090915,-0.008423913043478226,-0.010340909090909123,-0.00909090909090915,-0.008423913043478226,-0.010340909090909123,-0.008423913043478226,False,8,False
0.85,10,0.1,0.4,20,0.9840909090909091,0.9090909090909091,0.9841269841269841,20.7,20.5,28,0.7556347566897439,0.5555555555555556,0.9769318181818182,0.9090909090909091,0.871578947368421,0.08271753203864829,-0.02306818181818182,-0.015909090909090873,-0.014121918741483941,-0.02306818181818182,-0.015909090909090873,-0.014121918741483941,-0.02306818181818182,-0.014121918741483941,False,8,False
0.85,10,0.2,0.1,20,0.9977272727272727,0.9545454545454546,0.9968253968253968,20.7,20.5,28,0.7675827623877496,0.5555555555555556,0.9977272727272727,0.9545454545454546,0.871578947368421,0.09466553773665398,-0.002272727272727315,-0.002272727272727315,-0.0021739130434782483,-0.002272727272727315,-0.002272727272727315,-0.0021739130434782483,-0.002272727272727315,-0.0021739130434782483,False,7,False
0.85,10,0.2,0.2,20,0.9977272727272727,0.9545454545454546,0.9968253968253968,20.7,20.5,28,0.7675827623877496,0.5555555555555556,0.9964772727272727,0.9545454545454546,0.871578947368421,0.09466553773665398,-0.0035227272727272885,-0.002272727272727315,-0.0021739130434782483,-0.0035227272727272885,0.0,0.0,-0.0012499999999999734,0.0,False,5,False
0.85,10,0.2,0.3,20,0.9931818181818182,0.9090909090909091,0.9936507936507937,20.7,20.5,28,0.7634160957210829,0.5555555555555556,0.9896590909090909,0.9090909090909091,0.871578947368421,0.09049887106998733,-0.010340909090909123,-0.006818181818181834,-0.0063405797101449,-0.010340909090909123,-0.004545454545454519,-0.004166666666666652,-0.008068181818181808,-0.004166666666666652,False,8,False
0.85,10,0.2,0.4,20,0.9840909090909091,0.9090909090909091,0.9841269841269841,20.7,20.5,28,0.7556347566897439,0.5555555555555556,0.9672727272727272,0.9090909090909091,0.871578947368421,0.08271753203864829,-0.03272727272727283,-0.015909090909090873,-0.014121918741483941,-0.03272727272727283,-0.013636363636363558,-0.011948005698005693,-0.030454545454545512,-0.011948005698005693,False,8,False
0.85,10,0.3,0.1,20,0.9977272727272727,0.9545454545454546,0.9968253968253968,20.7,20.5,28,0.7675827623877496,0.5555555555555556,0.9977272727272727,0.9545454545454546,0.871578947368421,0.09466553773665398,-0.002272727272727315,-0.002272727272727315,-0.0021739130434782483,-0.002272727272727315,0.0,0.0,0.0,0.0,False,4,False
0.85,10,0.3,0.2,20,0.9977272727272727,0.9545454545454546,0.9968253968253968,20.7,20.5,28,0.7675827623877496,0.5555555555555556,0.9953409090909091,0.9545454545454546,0.871578947368421,0.09466553773665398,-0.0046590909090908905,-0.002272727272727315,-0.0021739130434782483,-0.0046590909090908905,0.002272727272727204,0.0021739130434782483,-0.00011363636363637131,0.0021739130434782483,False,4,False
0.85,10,0.3,0.3,20,0.9931818181818182,0.9090909090909091,0.9936507936507937,20.7,20.5,28,0.7634160957210829,0.5555555555555556,0.9871590909090908,0.9090909090909091,0.871578947368421,0.09049887106998733,-0.01284090909090918,-0.006818181818181834,-0.0063405797101449,-0.01284090909090918,-0.002272727272727315,-0.0019927536231884035,-0.008295454545454661,-0.0019927536231884035,False,8,False
0.85,10,0.3,0.4,20,0.9838636363636363,0.9090909090909091,0.9841269841269841,20.7,20.5,28,0.7559323757373629,0.5555555555555556,0.9606439393939393,0.9,0.871578947368421,0.08301515108626734,-0.03935606060606067,-0.016136363636363726,-0.013824299693864894,-0.03935606060606067,-0.011590909090909207,-0.009476473606908398,-0.031287878787878864,-0.009476473606908398,False,8,False
0.85,12,0.0,0.1,20,1.0,1.0,1.0,20.75,20.5,28,0.7655900087645612,0.5555555555555556,1.0,1.0,0.8736842105263158,0.09267278411346558,0.0,0.0,0.0,0.0,0.0,0.0,0.0,0.0,False,1,False
0.85,12,0.0,0.2,20,0.9909090909090909,0.9090909090909091,0.9904761904761905,20.75,20.5,28,0.757166095721083,0.5555555555555556,0.9909090909090909,0.9090909090909091,0.8736842105263158,0.08424887106998735,-0.00909090909090915,-0.00909090909090915,-0.008423913043478226,-0.00909090909090915,-0.00909090909090915,-0.008423913043478226,-0.00909090909090915,-0.008423913043478226,False,7,False
0.85,12,0.0,0.3,20,0.9909090909090909,0.9090909090909091,0.9904761904761905,20.75,20.5,28,0.757166095721083,0.5555555555555556,0.9909090909090909,0.9090909090909091,0.8736842105263158,0.08424887106998735,-0.00909090909090915,-0.00909090909090915,-0.008423913043478226,-0.00909090909090915,-0.00909090909090915,-0.008423913043478226,-0.00909090909090915,-0.008423913043478226,False,7,False
0.85,12,0.0,0.4,20,0.9772727272727273,0.9090909090909091,0.9777777777777777,20.75,20.5,28,0.7452180900230773,0.5555555555555556,0.9736363636363636,0.9090909090909091,0.8736842105263158,0.07230086537198166,-0.026363636363636367,-0.022727272727272707,-0.02037191874148392,-0.026363636363636367,-0.022727272727272707,-0.02037191874148392,-0.026363636363636367,-0.02037191874148392,False,8,False
0.85,12,0.1,0.1,20,0.9977272727272727,0.9545454545454546,0.9968253968253968,20.75,20.5,28,0.7634160957210829,0.5555555555555556,0.9977272727272727,0.9545454545454546,0.8736842105263158,0.09049887106998733,-0.002272727272727315,-0.002272727272727315,-0.0021739130434782483,-0.002272727272727315,-0.002272727272727315,-0.0021739130434782483,-0.002272727272727315,-0.0021739130434782483,False,7,False
0.85,12,0.1,0.2,20,0.9977272727272727,0.9545454545454546,0.9968253968253968,20.75,20.5,28,0.7634160957210829,0.5555555555555556,0.9977272727272727,0.9545454545454546,0.8736842105263158,0.09049887106998733,-0.002272727272727315,-0.002272727272727315,-0.0021739130434782483,-0.002272727272727315,-0.002272727272727315,-0.0021739130434782483,-0.002272727272727315,-0.0021739130434782483,False,7,False
0.85,12,0.1,0.3,20,0.9909090909090909,0.9090909090909091,0.9904761904761905,20.75,20.5,28,0.757166095721083,0.5555555555555556,0.9896590909090909,0.9090909090909091,0.8736842105263158,0.08424887106998735,-0.010340909090909123,-0.00909090909090915,-0.008423913043478226,-0.010340909090909123,-0.00909090909090915,-0.008423913043478226,-0.010340909090909123,-0.008423913043478226,False,8,False
0.85,12,0.1,0.4,20,0.9840909090909091,0.9090909090909091,0.9841269841269841,20.75,20.5,28,0.7514680900230772,0.5555555555555556,0.9769318181818182,0.9090909090909091,0.8736842105263158,0.07855086537198164,-0.02306818181818182,-0.015909090909090873,-0.014121918741483941,-0.02306818181818182,-0.015909090909090873,-0.014121918741483941,-0.02306818181818182,-0.014121918741483941,False,8,False
0.85,12,0.2,0.1,20,0.9977272727272727,0.9545454545454546,0.9968253968253968,20.75,20.5,28,0.7634160957210829,0.5555555555555556,0.9977272727272727,0.9545454545454546,0.8736842105263158,0.09049887106998733,-0.002272727272727315,-0.002272727272727315,-0.0021739130434782483,-0.002272727272727315,-0.002272727272727315,-0.0021739130434782483,-0.002272727272727315,-0.0021739130434782483,False,7,False
0.85,12,0.2,0.2,20,0.9977272727272727,0.9545454545454546,0.9968253968253968,20.75,20.5,28,0.7634160957210829,0.5555555555555556,0.9964772727272727,0.9545454545454546,0.8736842105263158,0.09049887106998733,-0.0035227272727272885,-0.002272727272727315,-0.0021739130434782483,-0.0035227272727272885,0.0,0.0,-0.0012499999999999734,0.0,False,5,False
0.85,12,0.2,0.3,20,0.9931818181818182,0.9090909090909091,0.9936507936507937,20.75,20.5,28,0.7592494290544163,0.5555555555555556,0.9896590909090909,0.9090909090909091,0.8736842105263158,0.08633220440332068,-0.010340909090909123,-0.006818181818181834,-0.0063405797101449,-0.010340909090909123,-0.004545454545454519,-0.004166666666666652,-0.008068181818181808,-0.004166666666666652,False,8,False
0.85,12,0.2,0.4,20,0.9840909090909091,0.9090909090909091,0.9841269841269841,20.75,20.5,28,0.7514680900230772,0.5555555555555556,0.9672727272727272,0.9090909090909091,0.8736842105263158,0.07855086537198164,-0.03272727272727283,-0.015909090909090873,-0.014121918741483941,-0.03272727272727283,-0.013636363636363558,-0.011948005698005693,-0.030454545454545512,-0.011948005698005693,False,8,False
0.85,12,0.3,0.1,20,0.9977272727272727,0.9545454545454546,0.9968253968253968,20.75,20.5,28,0.7634160957210829,0.5555555555555556,0.9977272727272727,0.9545454545454546,0.8736842105263158,0.09049887106998733,-0.002272727272727315,-0.002272727272727315,-0.0021739130434782483,-0.002272727272727315,0.0,0.0,0.0,0.0,False,4,False
0.85,12,0.3,0.2,20,0.9977272727272727,0.9545454545454546,0.9968253968253968,20.75,20.5,28,0.7634160957210829,0.5555555555555556,0.9953409090909091,0.9545454545454546,0.8736842105263158,0.09049887106998733,-0.0046590909090908905,-0.002272727272727315,-0.0021739130434782483,-0.0046590909090908905,0.002272727272727204,0.0021739130434782483,-0.00011363636363637131,0.0021739130434782483,False,4,False
0.85,12,0.3,0.3,20,0.9931818181818182,0.9090909090909091,0.9936507936507937,20.75,20.5,28,0.7592494290544163,0.5555555555555556,0.9871590909090908,0.9090909090909091,0.8736842105263158,0.08633220440332068,-0.01284090909090918,-0.006818181818181834,-0.0063405797101449,-0.01284090909090918,-0.002272727272727315,-0.0019927536231884035,-0.008295454545454661,-0.0019927536231884035,False,8,False
0.85,12,0.3,0.4,20,0.9838636363636363,0.9090909090909091,0.9841269841269841,20.75,20.5,28,0.7517657090706963,0.5555555555555556,0.9606439393939393,0.9,0.8736842105263158,0.07884848441960068,-0.03935606060606067,-0.016136363636363726,-0.013824299693864894,-0.03935606060606067,-0.011590909090909207,-0.009476473606908398,-0.031287878787878864,-0.009476473606908398,False,8,False
0.85,14,0.0,0.1,20,1.0,1.0,1.0,21.0,20.5,28,0.7494727926473451,0.5555555555555556,1.0,1.0,0.8842105263157894,0.07655556799624952,0.0,0.0,0.0,0.0,0.0,0.0,0.0,0.0,False,1,False
0.85,14,0.0,0.2,20,0.9954545454545455,0.9545454545454546,0.9936507936507937,21.0,20.5,28,0.7452155462705334,0.5555555555555556,0.9954545454545455,0.9545454545454546,0.8842105263157894,0.07229832161943783,-0.004545454545454519,-0.004545454545454519,-0.004257246376811685,-0.004545454545454519,-0.004545454545454519,-0.004257246376811685,-0.004545454545454519,-0.004257246376811685,False,7,False
0.85,14,0.0,0.3,20,0.9954545454545455,0.9545454545454546,0.9936507936507937,21.0,20.5,28,0.7452155462705334,0.5555555555555556,0.9954545454545455,0.9545454545454546,0.8842105263157894,0.07229832161943783,-0.004545454545454519,-0.004545454545454519,-0.004257246376811685,-0.004545454545454519,-0.004545454545454519,-0.004257246376811685,-0.004545454545454519,-0.004257246376811685,False,7,False
0.85,14,0.0,0.4,20,0.9909090909090909,0.9090909090909091,0.9873015873015873,21.0,20.5,28,0.7412803610853482,0.5555555555555556,0.9872727272727273,0.9090909090909091,0.8842105263157894,0.06836313643425262,-0.012727272727272698,-0.00909090909090915,-0.008192431561996893,-0.012727272727272698,-0.00909090909090915,-0.008192431561996893,-0.012727272727272698,-0.008192431561996893,False,8,False
0.85,14,0.1,0.1,20,0.9977272727272727,0.9545454545454546,0.9968253968253968,21.0,20.5,28,0.7472988796038668,0.5555555555555556,0.9977272727272727,0.9545454545454546,0.8842105263157894,0.07438165495277116,-0.002272727272727315,-0.002272727272727315,-0.0021739130434783593,-0.002272727272727315,-0.002272727272727315,-0.0021739130434783593,-0.002272727272727315,-0.0021739130434783593,False,7,False
0.85,14,0.1,0.2,20,0.9977272727272727,0.9545454545454546,0.9968253968253968,21.0,20.5,28,0.7472988796038668,0.5555555555555556,0.9977272727272727,0.9545454545454546,0.8842105263157894,0.07438165495277116,-0.002272727272727315,-0.002272727272727315,-0.0021739130434783593,-0.002272727272727315,-0.002272727272727315,-0.0021739130434783593,-0.002272727272727315,-0.0021739130434783593,False,7,False
0.85,14,0.1,0.3,20,0.9954545454545455,0.9545454545454546,0.9936507936507937,21.0,20.5,28,0.7452155462705334,0.5555555555555556,0.9942045454545454,0.9545454545454546,0.8842105263157894,0.07229832161943783,-0.005795454545454604,-0.004545454545454519,-0.004257246376811685,-0.005795454545454604,-0.004545454545454519,-0.004257246376811685,-0.005795454545454604,-0.004257246376811685,False,7,False
0.85,14,0.1,0.4,20,0.9931818181818182,0.9545454545454546,0.9904761904761905,21.0,20.5,28,0.7433636944186817,0.5555555555555556,0.9860227272727272,0.9318181818181818,0.8842105263157894,0.07044646976758606,-0.013977272727272783,-0.006818181818181834,-0.0061090982286634565,-0.013977272727272783,-0.006818181818181834,-0.0061090982286634565,-0.013977272727272783,-0.0061090982286634565,False,8,False
0.85,14,0.2,0.1,20,0.9977272727272727,0.9545454545454546,0.9968253968253968,21.0,20.5,28,0.7472988796038668,0.5555555555555556,0.9977272727272727,0.9545454545454546,0.8842105263157894,0.07438165495277116,-0.002272727272727315,-0.002272727272727315,-0.0021739130434783593,-0.002272727272727315,-0.002272727272727315,-0.0021739130434783593,-0.002272727272727315,-0.0021739130434783593,False,7,False
0.85,14,0.2,0.2,20,0.9977272727272727,0.9545454545454546,0.9968253968253968,21.0,20.5,28,0.7472988796038668,0.5555555555555556,0.9964772727272727,0.9545454545454546,0.8842105263157894,0.07438165495277116,-0.0035227272727272885,-0.002272727272727315,-0.0021739130434783593,-0.0035227272727272885,0.0,0.0,-0.0012499999999999734,0.0,False,5,False
0.85,14,0.2,0.3,20,0.9977272727272727,0.9545454545454546,0.9968253968253968,21.0,20.5,28,0.7472988796038668,0.5555555555555556,0.9942045454545454,0.9545454545454546,0.8842105263157894,0.07438165495277116,-0.005795454545454604,-0.002272727272727315,-0.0021739130434783593,-0.005795454545454604,0.0,0.0,-0.0035227272727272885,0.0,False,5,False
0.85,14,0.2,0.4,20,0.9931818181818182,0.9545454545454546,0.9904761904761905,21.0,20.5,28,0.7433636944186817,0.5555555555555556,0.9763636363636363,0.9318181818181818,0.8842105263157894,0.07044646976758606,-0.023636363636363678,-0.006818181818181834,-0.0061090982286634565,-0.023636363636363678,-0.004545454545454519,-0.003935185185185097,-0.021363636363636362,-0.003935185185185097,False,8,False
0.85,14,0.3,0.1,20,0.9977272727272727,0.9545454545454546,0.9968253968253968,21.0,20.5,28,0.7472988796038668,0.5555555555555556,0.9977272727272727,0.9545454545454546,0.8842105263157894,0.07438165495277116,-0.002272727272727315,-0.002272727272727315,-0.0021739130434783593,-0.002272727272727315,0.0,0.0,0.0,0.0,False,4,False
0.85,14,0.3,0.2,20,0.9977272727272727,0.9545454545454546,0.9968253968253968,21.0,20.5,28,0.7472988796038668,0.5555555555555556,0.9953409090909091,0.9545454545454546,0.8842105263157894,0.07438165495277116,-0.0046590909090908905,-0.002272727272727315,-0.0021739130434783593,-0.0046590909090908905,0.002272727272727204,0.0021739130434782483,-0.00011363636363637131,0.0021739130434782483,False,4,False
0.85,14,0.3,0.3,20,0.9977272727272727,0.9545454545454546,0.9968253968253968,21.0,20.5,28,0.7472988796038668,0.5555555555555556,0.9917045454545456,0.9545454545454546,0.8842105263157894,0.07438165495277116,-0.00829545454545444,-0.002272727272727315,-0.0021739130434783593,-0.00829545454545444,0.002272727272727204,0.0021739130434782483,-0.00374999999999992,0.0021739130434782483,False,4,False
0.85,14,0.3,0.4,20,0.9929545454545454,0.95,0.9904761904761905,21.0,20.5,28,0.7436613134663006,0.5555555555555556,0.9697348484848485,0.9,0.8842105263157894,0.070744088815205,-0.030265151515151523,-0.007045454545454577,-0.005811479181044521,-0.030265151515151523,-0.0025000000000000577,-0.0014636530940879133,-0.022196969696969715,-0.0014636530940879133,False,8,False
0.9,8,0.0,0.1,20,1.0,1.0,1.0,21.7,22.0,29,0.7337361776391882,0.5263157894736842,1.0,1.0,0.9136842105263158,0.06081895298809259,0.0,0.0,0.0,0.0,0.0,0.0,0.0,0.0,False,1,False
0.9,8,0.0,0.2,20,0.9954545454545455,0.9090909090909091,0.9968253968253968,21.7,22.0,29,0.7295695109725215,0.5263157894736842,0.9954545454545455,0.9090909090909091,0.9136842105263158,0.05665228632142594,-0.004545454545454519,-0.004545454545454519,-0.004166666666666652,-0.004545454545454519,-0.004545454545454519,-0.004166666666666652,-0.004545454545454519,-0.004166666666666652,False,7,False
0.9,8,0.0,0.3,20,0.9954545454545455,0.9090909090909091,0.9968253968253968,21.7,22.0,29,0.7295695109725215,0.5263157894736842,0.9954545454545455,0.9090909090909091,0.9136842105263158,0.05665228632142594,-0.004545454545454519,-0.004545454545454519,-0.004166666666666652,-0.004545454545454519,-0.004545454545454519,-0.004166666666666652,-0.004545454545454519,-0.004166666666666652,False,7,False
0.9,8,0.0,0.4,20,0.9909090909090909,0.9090909090909091,0.9904761904761905,21.7,22.0,29,0.7258607197637303,0.5263157894736842,0.9872727272727273,0.9090909090909091,0.9136842105263158,0.05294349511263474,-0.012727272727272698,-0.00909090909090915,-0.007875457875457847,-0.012727272727272698,-0.00909090909090915,-0.007875457875457847,-0.012727272727272698,-0.007875457875457847,False,8,False
0.9,8,0.1,0.1,20,1.0,1.0,1.0,21.7,22.0,29,0.7337361776391882,0.5263157894736842,1.0,1.0,0.9136842105263158,0.06081895298809259,0.0,0.0,0.0,0.0,0.0,0.0,0.0,0.0,False,1,False
0.9,8,0.1,0.2,20,1.0,1.0,1.0,21.7,22.0,29,0.7337361776391882,0.5263157894736842,1.0,1.0,0.9136842105263158,0.06081895298809259,0.0,0.0,0.0,0.0,0.0,0.0,0.0,0.0,False,1,False
0.9,8,0.1,0.3,20,0.9954545454545455,0.9090909090909091,0.9968253968253968,21.7,22.0,29,0.7295695109725215,0.5263157894736842,0.9942045454545454,0.9090909090909091,0.9136842105263158,0.05665228632142594,-0.005795454545454604,-0.004545454545454519,-0.004166666666666652,-0.005795454545454604,-0.004545454545454519,-0.004166666666666652,-0.005795454545454604,-0.004166666666666652,False,7,False
0.9,8,0.1,0.4,20,0.9909090909090909,0.9090909090909091,0.9904761904761905,21.7,22.0,29,0.7258607197637303,0.5263157894736842,0.98375,0.9090909090909091,0.9136842105263158,0.05294349511263474,-0.016249999999999987,-0.00909090909090915,-0.007875457875457847,-0.016249999999999987,-0.00909090909090915,-0.007875457875457847,-0.016249999999999987,-0.007875457875457847,False,8,False
0.9,8,0.2,0.1,20,1.0,1.0,1.0,21.7,22.0,29,0.7337361776391882,0.5263157894736842,1.0,1.0,0.9136842105263158,0.06081895298809259,0.0,0.0,0.0,0.0,0.0,0.0,0.0,0.0,False,1,False
0.9,8,0.2,0.2,20,1.0,1.0,1.0,21.7,22.0,29,0.7337361776391882,0.5263157894736842,0.99875,0.975,0.9136842105263158,0.06081895298809259,-0.0012499999999999734,0.0,0.0,-0.0012499999999999734,0.0,0.0,-0.0012499999999999734,0.0,False,3,False
0.9,8,0.2,0.3,20,0.9954545454545455,0.9090909090909091,0.9968253968253968,21.7,22.0,29,0.7295695109725215,0.5263157894736842,0.9919318181818182,0.9090909090909091,0.9136842105263158,0.05665228632142594,-0.008068181818181808,-0.004545454545454519,-0.004166666666666652,-0.008068181818181808,-0.004545454545454519,-0.004166666666666652,-0.008068181818181808,-0.004166666666666652,False,7,False
0.9,8,0.2,0.4,20,0.9954545454545455,0.9090909090909091,0.9968253968253968,21.7,22.0,29,0.7295695109725215,0.5263157894736842,0.9786363636363637,0.9090909090909091,0.9136842105263158,0.05665228632142594,-0.02136363636363625,-0.004545454545454519,-0.004166666666666652,-0.02136363636363625,-0.004545454545454519,-0.004166666666666652,-0.02136363636363625,-0.004166666666666652,False,8,False
0.9,8,0.3,0.1,20,1.0,1.0,1.0,21.7,22.0,29,0.7337361776391882,0.5263157894736842,1.0,1.0,0.9136842105263158,0.06081895298809259,0.0,0.0,0.0,0.0,0.0,0.0,0.0,0.0,False,1,False
0.9,8,0.3,0.2,20,1.0,1.0,1.0,21.7,22.0,29,0.7337361776391882,0.5263157894736842,0.9976136363636364,0.975,0.9136842105263158,0.06081895298809259,-0.0023863636363635754,0.0,0.0,-0.0023863636363635754,0.0,0.0,-0.0023863636363635754,0.0,False,3,False
0.9,8,0.3,0.3,20,0.9954545454545455,0.9090909090909091,0.9968253968253968,21.7,22.0,29,0.7295695109725215,0.5263157894736842,0.9894318181818182,0.9090909090909091,0.9136842105263158,0.05665228632142594,-0.010568181818181754,-0.004545454545454519,-0.004166666666666652,-0.010568181818181754,-0.004545454545454519,-0.004166666666666652,-0.010568181818181754,-0.004166666666666652,False,8,False
0.9,8,0.3,0.4,20,0.9954545454545455,0.9090909090909091,0.9968253968253968,21.7,22.0,29,0.7295695109725215,0.5263157894736842,0.9709848484848485,0.9,0.9136842105263158,0.05665228632142594,-0.02901515151515155,-0.004545454545454519,-0.004166666666666652,-0.02901515151515155,-0.004545454545454519,-0.004166666666666652,-0.02549242424242426,-0.004166666666666652,False,8,False
0.9,10,0.0,0.1,20,1.0,1.0,1.0,21.7,22.0,29,0.7337361776391882,0.5263157894736842,1.0,1.0,0.9136842105263158,0.06081895298809259,0.0,0.0,0.0,0.0,0.0,0.0,0.0,0.0,False,1,False
0.9,10,0.0,0.2,20,0.9954545454545455,0.9090909090909091,0.9968253968253968,21.7,22.0,29,0.7295695109725215,0.5263157894736842,0.9954545454545455,0.9090909090909091,0.9136842105263158,0.05665228632142594,-0.004545454545454519,-0.004545454545454519,-0.004166666666666652,-0.004545454545454519,-0.004545454545454519,-0.004166666666666652,-0.004545454545454519,-0.004166666666666652,False,7,False
0.9,10,0.0,0.3,20,0.9954545454545455,0.9090909090909091,0.9968253968253968,21.7,22.0,29,0.7295695109725215,0.5263157894736842,0.9954545454545455,0.9090909090909091,0.9136842105263158,0.05665228632142594,-0.004545454545454519,-0.004545454545454519,-0.004166666666666652,-0.004545454545454519,-0.004545454545454519,-0.004166666666666652,-0.004545454545454519,-0.004166666666666652,False,7,False
0.9,10,0.0,0.4,20,0.9909090909090909,0.9090909090909091,0.9904761904761905,21.7,22.0,29,0.7258607197637303,0.5263157894736842,0.9872727272727273,0.9090909090909091,0.9136842105263158,0.05294349511263474,-0.012727272727272698,-0.00909090909090915,-0.007875457875457847,-0.012727272727272698,-0.00909090909090915,-0.007875457875457847,-0.012727272727272698,-0.007875457875457847,False,8,False
0.9,10,0.1,0.1,20,1.0,1.0,1.0,21.7,22.0,29,0.7337361776391882,0.5263157894736842,1.0,1.0,0.9136842105263158,0.06081895298809259,0.0,0.0,0.0,0.0,0.0,0.0,0.0,0.0,False,1,False
0.9,10,0.1,0.2,20,1.0,1.0,1.0,21.7,22.0,29,0.7337361776391882,0.5263157894736842,1.0,1.0,0.9136842105263158,0.06081895298809259,0.0,0.0,0.0,0.0,0.0,0.0,0.0,0.0,False,1,False
0.9,10,0.1,0.3,20,0.9954545454545455,0.9090909090909091,0.9968253968253968,21.7,22.0,29,0.7295695109725215,0.5263157894736842,0.9942045454545454,0.9090909090909091,0.9136842105263158,0.05665228632142594,-0.005795454545454604,-0.004545454545454519,-0.004166666666666652,-0.005795454545454604,-0.004545454545454519,-0.004166666666666652,-0.005795454545454604,-0.004166666666666652,False,7,False
0.9,10,0.1,0.4,20,0.9909090909090909,0.9090909090909091,0.9904761904761905,21.7,22.0,29,0.7258607197637303,0.5263157894736842,0.98375,0.9090909090909091,0.9136842105263158,0.05294349511263474,-0.016249999999999987,-0.00909090909090915,-0.007875457875457847,-0.016249999999999987,-0.00909090909090915,-0.007875457875457847,-0.016249999999999987,-0.007875457875457847,False,8,False
0.9,10,0.2,0.1,20,1.0,1.0,1.0,21.7,22.0,29,0.7337361776391882,0.5263157894736842,1.0,1.0,0.9136842105263158,0.06081895298809259,0.0,0.0,0.0,0.0,0.0,0.0,0.0,0.0,False,1,False
0.9,10,0.2,0.2,20,1.0,1.0,1.0,21.7,22.0,29,0.7337361776391882,0.5263157894736842,0.99875,0.975,0.9136842105263158,0.06081895298809259,-0.0012499999999999734,0.0,0.0,-0.0012499999999999734,0.0,0.0,-0.0012499999999999734,0.0,False,3,False
0.9,10,0.2,0.3,20,0.9954545454545455,0.9090909090909091,0.9968253968253968,21.7,22.0,29,0.7295695109725215,0.5263157894736842,0.9919318181818182,0.9090909090909091,0.9136842105263158,0.05665228632142594,-0.008068181818181808,-0.004545454545454519,-0.004166666666666652,-0.008068181818181808,-0.004545454545454519,-0.004166666666666652,-0.008068181818181808,-0.004166666666666652,False,7,False
0.9,10,0.2,0.4,20,0.9954545454545455,0.9090909090909091,0.9968253968253968,21.7,22.0,29,0.7295695109725215,0.5263157894736842,0.9786363636363637,0.9090909090909091,0.9136842105263158,0.05665228632142594,-0.02136363636363625,-0.004545454545454519,-0.004166666666666652,-0.02136363636363625,-0.004545454545454519,-0.004166666666666652,-0.02136363636363625,-0.004166666666666652,False,8,False
0.9,10,0.3,0.1,20,1.0,1.0,1.0,21.7,22.0,29,0.7337361776391882,0.5263157894736842,1.0,1.0,0.9136842105263158,0.06081895298809259,0.0,0.0,0.0,0.0,0.0,0.0,0.0,0.0,False,1,False
0.9,10,0.3,0.2,20,1.0,1.0,1.0,21.7,22.0,29,0.7337361776391882,0.5263157894736842,0.9976136363636364,0.975,0.9136842105263158,0.06081895298809259,-0.0023863636363635754,0.0,0.0,-0.0023863636363635754,0.0,0.0,-0.0023863636363635754,0.0,False,3,False
0.9,10,0.3,0.3,20,0.9954545454545455,0.9090909090909091,0.9968253968253968,21.7,22.0,29,0.7295695109725215,0.5263157894736842,0.9894318181818182,0.9090909090909091,0.9136842105263158,0.05665228632142594,-0.010568181818181754,-0.004545454545454519,-0.004166666666666652,-0.010568181818181754,-0.004545454545454519,-0.004166666666666652,-0.010568181818181754,-0.004166666666666652,False,8,False
0.9,10,0.3,0.4,20,0.9954545454545455,0.9090909090909091,0.9968253968253968,21.7,22.0,29,0.7295695109725215,0.5263157894736842,0.9709848484848485,0.9,0.9136842105263158,0.05665228632142594,-0.02901515151515155,-0.004545454545454519,-0.004166666666666652,-0.02901515151515155,-0.004545454545454519,-0.004166666666666652,-0.02549242424242426,-0.004166666666666652,False,8,False
0.9,12,0.0,0.1,20,1.0,1.0,1.0,21.75,22.0,29,0.7295695109725215,0.5263157894736842,1.0,1.0,0.9157894736842105,0.05665228632142594,0.0,0.0,0.0,0.0,0.0,0.0,0.0,0.0,False,1,False
0.9,12,0.0,0.2,20,0.9954545454545455,0.9090909090909091,0.9968253968253968,21.75,22.0,29,0.7254028443058549,0.5263157894736842,0.9954545454545455,0.9090909090909091,0.9157894736842105,0.052485619654759286,-0.004545454545454519,-0.004545454545454519,-0.004166666666666652,-0.004545454545454519,-0.004545454545454519,-0.004166666666666652,-0.004545454545454519,-0.004166666666666652,False,7,False
0.9,12,0.0,0.3,20,0.9954545454545455,0.9090909090909091,0.9968253968253968,21.75,22.0,29,0.7254028443058549,0.5263157894736842,0.9954545454545455,0.9090909090909091,0.9157894736842105,0.052485619654759286,-0.004545454545454519,-0.004545454545454519,-0.004166666666666652,-0.004545454545454519,-0.004545454545454519,-0.004166666666666652,-0.004545454545454519,-0.004166666666666652,False,7,False
0.9,12,0.0,0.4,20,0.9909090909090909,0.9090909090909091,0.9904761904761905,21.75,22.0,29,0.7216940530970637,0.5263157894736842,0.9872727272727273,0.9090909090909091,0.9157894736842105,0.04877682844596809,-0.012727272727272698,-0.00909090909090915,-0.007875457875457847,-0.012727272727272698,-0.00909090909090915,-0.007875457875457847,-0.012727272727272698,-0.007875457875457847,False,8,False
0.9,12,0.1,0.1,20,1.0,1.0,1.0,21.75,22.0,29,0.7295695109725215,0.5263157894736842,1.0,1.0,0.9157894736842105,0.05665228632142594,0.0,0.0,0.0,0.0,0.0,0.0,0.0,0.0,False,1,False
0.9,12,0.1,0.2,20,1.0,1.0,1.0,21.75,22.0,29,0.7295695109725215,0.5263157894736842,1.0,1.0,0.9157894736842105,0.05665228632142594,0.0,0.0,0.0,0.0,0.0,0.0,0.0,0.0,False,1,False
0.9,12,0.1,0.3,20,0.9954545454545455,0.9090909090909091,0.9968253968253968,21.75,22.0,29,0.7254028443058549,0.5263157894736842,0.9942045454545454,0.9090909090909091,0.9157894736842105,0.052485619654759286,-0.005795454545454604,-0.004545454545454519,-0.004166666666666652,-0.005795454545454604,-0.004545454545454519,-0.004166666666666652,-0.005795454545454604,-0.004166666666666652,False,7,False
0.9,12,0.1,0.4,20,0.9909090909090909,0.9090909090909091,0.9904761904761905,21.75,22.0,29,0.7216940530970637,0.5263157894736842,0.98375,0.9090909090909091,0.9157894736842105,0.04877682844596809,-0.016249999999999987,-0.00909090909090915,-0.007875457875457847,-0.016249999999999987,-0.00909090909090915,-0.007875457875457847,-0.016249999999999987,-0.007875457875457847,False,8,False
0.9,12,0.2,0.1,20,1.0,1.0,1.0,21.75,22.0,29,0.7295695109725215,0.5263157894736842,1.0,1.0,0.9157894736842105,0.05665228632142594,0.0,0.0,0.0,0.0,0.0,0.0,0.0,0.0,False,1,False
0.9,12,0.2,0.2,20,1.0,1.0,1.0,21.75,22.0,29,0.7295695109725215,0.5263157894736842,0.99875,0.975,0.9157894736842105,0.05665228632142594,-0.0012499999999999734,0.0,0.0,-0.0012499999999999734,0.0,0.0,-0.0012499999999999734,0.0,False,3,False
0.9,12,0.2,0.3,20,0.9954545454545455,0.9090909090909091,0.9968253968253968,21.75,22.0,29,0.7254028443058549,0.5263157894736842,0.9919318181818182,0.9090909090909091,0.9157894736842105,0.052485619654759286,-0.008068181818181808,-0.004545454545454519,-0.004166666666666652,-0.008068181818181808,-0.004545454545454519,-0.004166666666666652,-0.008068181818181808,-0.004166666666666652,False,7,False
0.9,12,0.2,0.4,20,0.9954545454545455,0.9090909090909091,0.9968253968253968,21.75,22.0,29,0.7254028443058549,0.5263157894736842,0.9786363636363637,0.9090909090909091,0.9157894736842105,0.052485619654759286,-0.02136363636363625,-0.004545454545454519,-0.004166666666666652,-0.02136363636363625,-0.004545454545454519,-0.004166666666666652,-0.02136363636363625,-0.004166666666666652,False,8,False
0.9,12,0.3,0.1,20,1.0,1.0,1.0,21.75,22.0,29,0.7295695109725215,0.5263157894736842,1.0,1.0,0.9157894736842105,0.05665228632142594,0.0,0.0,0.0,0.0,0.0,0.0,0.0,0.0,False,1,False
0.9,12,0.3,0.2,20,1.0,1.0,1.0,21.75,22.0,29,0.7295695109725215,0.5263157894736842,0.9976136363636364,0.975,0.9157894736842105,0.05665228632142594,-0.0023863636363635754,0.0,0.0,-0.0023863636363635754,0.0,0.0,-0.0023863636363635754,0.0,False,3,False
0.9,12,0.3,0.3,20,0.9954545454545455,0.9090909090909091,0.9968253968253968,21.75,22.0,29,0.7254028443058549,0.5263157894736842,0.9894318181818182,0.9090909090909091,0.9157894736842105,0.052485619654759286,-0.010568181818181754,-0.004545454545454519,-0.004166666666666652,-0.010568181818181754,-0.004545454545454519,-0.004166666666666652,-0.010568181818181754,-0.004166666666666652,False,8,False
0.9,12,0.3,0.4,20,0.9954545454545455,0.9090909090909091,0.9968253968253968,21.75,22.0,29,0.7254028443058549,0.5263157894736842,0.9709848484848485,0.9,0.9157894736842105,0.052485619654759286,-0.02901515151515155,-0.004545454545454519,-0.004166666666666652,-0.02901515151515155,-0.004545454545454519,-0.004166666666666652,-0.02549242424242426,-0.004166666666666652,False,8,False
0.9,14,0.0,0.1,20,1.0,1.0,1.0,21.85,22.0,29,0.7230218919249025,0.5263157894736842,1.0,1.0,0.92,0.05010466727380691,0.0,0.0,0.0,0.0,0.0,0.0,0.0,0.0,False,1,False
0.9,14,0.0,0.2,20,1.0,1.0,1.0,21.85,22.0,29,0.7230218919249025,0.5263157894736842,1.0,1.0,0.92,0.05010466727380691,0.0,0.0,0.0,0.0,0.0,0.0,0.0,0.0,False,1,False
0.9,14,0.0,0.3,20,1.0,1.0,1.0,21.85,22.0,29,0.7230218919249025,0.5263157894736842,1.0,1.0,0.92,0.05010466727380691,0.0,0.0,0.0,0.0,0.0,0.0,0.0,0.0,False,1,False
0.9,14,0.0,0.4,20,0.9954545454545455,0.9545454545454546,0.9936507936507937,21.85,22.0,29,0.7193131007161113,0.5263157894736842,0.9918181818181818,0.9545454545454546,0.92,0.04639587606501572,-0.008181818181818179,-0.004545454545454519,-0.0037087912087911956,-0.008181818181818179,-0.004545454545454519,-0.0037087912087911956,-0.008181818181818179,-0.0037087912087911956,False,7,False
0.9,14,0.1,0.1,20,1.0,1.0,1.0,21.85,22.0,29,0.7230218919249025,0.5263157894736842,1.0,1.0,0.92,0.05010466727380691,0.0,0.0,0.0,0.0,0.0,0.0,0.0,0.0,False,1,False
0.9,14,0.1,0.2,20,1.0,1.0,1.0,21.85,22.0,29,0.7230218919249025,0.5263157894736842,1.0,1.0,0.92,0.05010466727380691,0.0,0.0,0.0,0.0,0.0,0.0,0.0,0.0,False,1,False
0.9,14,0.1,0.3,20,1.0,1.0,1.0,21.85,22.0,29,0.7230218919249025,0.5263157894736842,0.99875,0.975,0.92,0.05010466727380691,-0.0012499999999999734,0.0,0.0,-0.0012499999999999734,0.0,0.0,-0.0012499999999999734,0.0,False,3,False
0.9,14,0.1,0.4,20,0.9954545454545455,0.9545454545454546,0.9936507936507937,21.85,22.0,29,0.7193131007161113,0.5263157894736842,0.9882954545454545,0.9318181818181818,0.92,0.04639587606501572,-0.011704545454545467,-0.004545454545454519,-0.0037087912087911956,-0.011704545454545467,-0.004545454545454519,-0.0037087912087911956,-0.011704545454545467,-0.0037087912087911956,False,8,False
0.9,14,0.2,0.1,20,1.0,1.0,1.0,21.85,22.0,29,0.7230218919249025,0.5263157894736842,1.0,1.0,0.92,0.05010466727380691,0.0,0.0,0.0,0.0,0.0,0.0,0.0,0.0,False,1,False
0.9,14,0.2,0.2,20,1.0,1.0,1.0,21.85,22.0,29,0.7230218919249025,0.5263157894736842,0.99875,0.975,0.92,0.05010466727380691,-0.0012499999999999734,0.0,0.0,-0.0012499999999999734,0.0,0.0,-0.0012499999999999734,0.0,False,3,False
0.9,14,0.2,0.3,20,1.0,1.0,1.0,21.85,22.0,29,0.7230218919249025,0.5263157894736842,0.9964772727272727,0.9545454545454546,0.92,0.05010466727380691,-0.0035227272727272885,0.0,0.0,-0.0035227272727272885,0.0,0.0,-0.0035227272727272885,0.0,False,3,False
0.9,14,0.2,0.4,20,1.0,1.0,1.0,21.85,22.0,29,0.7230218919249025,0.5263157894736842,0.9831818181818182,0.9318181818181818,0.92,0.05010466727380691,-0.016818181818181843,0.0,0.0,-0.016818181818181843,0.0,0.0,-0.016818181818181843,0.0,False,4,False
0.9,14,0.3,0.1,20,1.0,1.0,1.0,21.85,22.0,29,0.7230218919249025,0.5263157894736842,1.0,1.0,0.92,0.05010466727380691,0.0,0.0,0.0,0.0,0.0,0.0,0.0,0.0,False,1,False
0.9,14,0.3,0.2,20,1.0,1.0,1.0,21.85,22.0,29,0.7230218919249025,0.5263157894736842,0.9976136363636364,0.975,0.92,0.05010466727380691,-0.0023863636363635754,0.0,0.0,-0.0023863636363635754,0.0,0.0,-0.0023863636363635754,0.0,False,3,False
0.9,14,0.3,0.3,20,1.0,1.0,1.0,21.85,22.0,29,0.7230218919249025,0.5263157894736842,0.9939772727272727,0.9545454545454546,0.92,0.05010466727380691,-0.006022727272727346,0.0,0.0,-0.006022727272727346,0.0,0.0,-0.006022727272727346,0.0,False,3,False
0.9,14,0.3,0.4,20,1.0,1.0,1.0,21.85,22.0,29,0.7230218919249025,0.5263157894736842,0.9755303030303031,0.9,0.92,0.05010466727380691,-0.02446969696969692,0.0,0.0,-0.02446969696969692,0.0,0.0,-0.02094696969696963,0.0,False,4,False
0.95,8,0.0,0.1,20,1.0,1.0,1.0,23.1,23.0,31,0.688076804742764,0.5,1.0,1.0,0.9726315789473685,0.015159580091668401,0.0,0.0,0.0,0.0,0.0,0.0,0.0,0.0,False,2,False
0.95,8,0.0,0.2,20,1.0,1.0,1.0,23.1,23.0,31,0.688076804742764,0.5,1.0,1.0,0.9726315789473685,0.015159580091668401,0.0,0.0,0.0,0.0,0.0,0.0,0.0,0.0,False,2,False
0.95,8,0.0,0.3,20,1.0,1.0,1.0,23.1,23.0,31,0.688076804742764,0.5,1.0,1.0,0.9726315789473685,0.015159580091668401,0.0,0.0,0.0,0.0,0.0,0.0,0.0,0.0,False,2,False
0.95,8,0.0,0.4,20,1.0,1.0,1.0,23.1,23.0,31,0.688076804742764,0.5,0.9963636363636363,0.975,0.9726315789473685,0.015159580091668401,-0.0036363636363636598,0.0,0.0,-0.0036363636363636598,0.0,0.0,-0.0036363636363636598,0.0,False,4,False
0.95,8,0.1,0.1,20,1.0,1.0,1.0,23.1,23.0,31,0.688076804742764,0.5,1.0,1.0,0.9726315789473685,0.015159580091668401,0.0,0.0,0.0,0.0,0.0,0.0,0.0,0.0,False,2,False
0.95,8,0.1,0.2,20,1.0,1.0,1.0,23.1,23.0,31,0.688076804742764,0.5,1.0,1.0,0.9726315789473685,0.015159580091668401,0.0,0.0,0.0,0.0,0.0,0.0,0.0,0.0,False,2,False
0.95,8,0.1,0.3,20,1.0,1.0,1.0,23.1,23.0,31,0.688076804742764,0.5,0.99875,0.975,0.9726315789473685,0.015159580091668401,-0.0012499999999999734,0.0,0.0,-0.0012499999999999734,0.0,0.0,-0.0012499999999999734,0.0,False,4,False
0.95,8,0.1,0.4,20,1.0,1.0,1.0,23.1,23.0,31,0.688076804742764,0.5,0.992840909090909,0.9318181818181818,0.9726315789473685,0.015159580091668401,-0.007159090909090948,0.0,0.0,-0.007159090909090948,0.0,0.0,-0.007159090909090948,0.0,False,4,False
0.95,8,0.2,0.1,20,1.0,1.0,1.0,23.1,23.0,31,0.688076804742764,0.5,1.0,1.0,0.9726315789473685,0.015159580091668401,0.0,0.0,0.0,0.0,0.0,0.0,0.0,0.0,False,2,False
0.95,8,0.2,0.2,20,1.0,1.0,1.0,23.1,23.0,31,0.688076804742764,0.5,0.99875,0.975,0.9726315789473685,0.015159580091668401,-0.0012499999999999734,0.0,0.0,-0.0012499999999999734,0.0,0.0,-0.0012499999999999734,0.0,False,4,False
0.95,8,0.2,0.3,20,1.0,1.0,1.0,23.1,23.0,31,0.688076804742764,0.5,0.9964772727272727,0.9545454545454546,0.9726315789473685,0.015159580091668401,-0.0035227272727272885,0.0,0.0,-0.0035227272727272885,0.0,0.0,-0.0035227272727272885,0.0,False,4,False
0.95,8,0.2,0.4,20,1.0,1.0,1.0,23.1,23.0,31,0.688076804742764,0.5,0.9831818181818182,0.9318181818181818,0.9726315789473685,0.015159580091668401,-0.016818181818181843,0.0,0.0,-0.016818181818181843,0.0,0.0,-0.016818181818181843,0.0,False,5,False
0.95,8,0.3,0.1,20,1.0,1.0,1.0,23.1,23.0,31,0.688076804742764,0.5,1.0,1.0,0.9726315789473685,0.015159580091668401,0.0,0.0,0.0,0.0,0.0,0.0,0.0,0.0,False,2,False
0.95,8,0.3,0.2,20,1.0,1.0,1.0,23.1,23.0,31,0.688076804742764,0.5,0.9976136363636364,0.975,0.9726315789473685,0.015159580091668401,-0.0023863636363635754,0.0,0.0,-0.0023863636363635754,0.0,0.0,-0.0023863636363635754,0.0,False,4,False
0.95,8,0.3,0.3,20,1.0,1.0,1.0,23.1,23.0,31,0.688076804742764,0.5,0.9939772727272727,0.9545454545454546,0.9726315789473685,0.015159580091668401,-0.006022727272727346,0.0,0.0,-0.006022727272727346,0.0,0.0,-0.006022727272727346,0.0,False,4,False
0.95,8,0.3,0.4,20,1.0,1.0,1.0,23.1,23.0,31,0.688076804742764,0.5,0.9755303030303031,0.9,0.9726315789473685,0.015159580091668401,-0.02446969696969692,0.0,0.0,-0.02446969696969692,0.0,0.0,-0.02094696969696963,0.0,False,5,False
0.95,10,0.0,0.1,20,1.0,1.0,1.0,23.1,23.0,31,0.688076804742764,0.5,1.0,1.0,0.9726315789473685,0.015159580091668401,0.0,0.0,0.0,0.0,0.0,0.0,0.0,0.0,False,2,False
0.95,10,0.0,0.2,20,1.0,1.0,1.0,23.1,23.0,31,0.688076804742764,0.5,1.0,1.0,0.9726315789473685,0.015159580091668401,0.0,0.0,0.0,0.0,0.0,0.0,0.0,0.0,False,2,False
0.95,10,0.0,0.3,20,1.0,1.0,1.0,23.1,23.0,31,0.688076804742764,0.5,1.0,1.0,0.9726315789473685,0.015159580091668401,0.0,0.0,0.0,0.0,0.0,0.0,0.0,0.0,False,2,False
0.95,10,0.0,0.4,20,1.0,1.0,1.0,23.1,23.0,31,0.688076804742764,0.5,0.9963636363636363,0.975,0.9726315789473685,0.015159580091668401,-0.0036363636363636598,0.0,0.0,-0.0036363636363636598,0.0,0.0,-0.0036363636363636598,0.0,False,4,False
0.95,10,0.1,0.1,20,1.0,1.0,1.0,23.1,23.0,31,0.688076804742764,0.5,1.0,1.0,0.9726315789473685,0.015159580091668401,0.0,0.0,0.0,0.0,0.0,0.0,0.0,0.0,False,2,False
0.95,10,0.1,0.2,20,1.0,1.0,1.0,23.1,23.0,31,0.688076804742764,0.5,1.0,1.0,0.9726315789473685,0.015159580091668401,0.0,0.0,0.0,0.0,0.0,0.0,0.0,0.0,False,2,False
0.95,10,0.1,0.3,20,1.0,1.0,1.0,23.1,23.0,31,0.688076804742764,0.5,0.99875,0.975,0.9726315789473685,0.015159580091668401,-0.0012499999999999734,0.0,0.0,-0.0012499999999999734,0.0,0.0,-0.0012499999999999734,0.0,False,4,False
0.95,10,0.1,0.4,20,1.0,1.0,1.0,23.1,23.0,31,0.688076804742764,0.5,0.992840909090909,0.9318181818181818,0.9726315789473685,0.015159580091668401,-0.007159090909090948,0.0,0.0,-0.007159090909090948,0.0,0.0,-0.007159090909090948,0.0,False,4,False
0.95,10,0.2,0.1,20,1.0,1.0,1.0,23.1,23.0,31,0.688076804742764,0.5,1.0,1.0,0.9726315789473685,0.015159580091668401,0.0,0.0,0.0,0.0,0.0,0.0,0.0,0.0,False,2,False
0.95,10,0.2,0.2,20,1.0,1.0,1.0,23.1,23.0,31,0.688076804742764,0.5,0.99875,0.975,0.9726315789473685,0.015159580091668401,-0.0012499999999999734,0.0,0.0,-0.0012499999999999734,0.0,0.0,-0.0012499999999999734,0.0,False,4,False
0.95,10,0.2,0.3,20,1.0,1.0,1.0,23.1,23.0,31,0.688076804742764,0.5,0.9964772727272727,0.9545454545454546,0.9726315789473685,0.015159580091668401,-0.0035227272727272885,0.0,0.0,-0.0035227272727272885,0.0,0.0,-0.0035227272727272885,0.0,False,4,False
0.95,10,0.2,0.4,20,1.0,1.0,1.0,23.1,23.0,31,0.688076804742764,0.5,0.9831818181818182,0.9318181818181818,0.9726315789473685,0.015159580091668401,-0.016818181818181843,0.0,0.0,-0.016818181818181843,0.0,0.0,-0.016818181818181843,0.0,False,5,False
0.95,10,0.3,0.1,20,1.0,1.0,1.0,23.1,23.0,31,0.688076804742764,0.5,1.0,1.0,0.9726315789473685,0.015159580091668401,0.0,0.0,0.0,0.0,0.0,0.0,0.0,0.0,False,2,False
0.95,10,0.3,0.2,20,1.0,1.0,1.0,23.1,23.0,31,0.688076804742764,0.5,0.9976136363636364,0.975,0.9726315789473685,0.015159580091668401,-0.0023863636363635754,0.0,0.0,-0.0023863636363635754,0.0,0.0,-0.0023863636363635754,0.0,False,4,False
0.95,10,0.3,0.3,20,1.0,1.0,1.0,23.1,23.0,31,0.688076804742764,0.5,0.9939772727272727,0.9545454545454546,0.9726315789473685,0.015159580091668401,-0.006022727272727346,0.0,0.0,-0.006022727272727346,0.0,0.0,-0.006022727272727346,0.0,False,4,False
0.95,10,0.3,0.4,20,1.0,1.0,1.0,23.1,23.0,31,0.688076804742764,0.5,0.9755303030303031,0.9,0.9726315789473685,0.015159580091668401,-0.02446969696969692,0.0,0.0,-0.02446969696969692,0.0,0.0,-0.02094696969696963,0.0,False,5,False
0.95,12,0.0,0.1,20,1.0,1.0,1.0,23.1,23.0,31,0.688076804742764,0.5,1.0,1.0,0.9726315789473685,0.015159580091668401,0.0,0.0,0.0,0.0,0.0,0.0,0.0,0.0,False,2,False
0.95,12,0.0,0.2,20,1.0,1.0,1.0,23.1,23.0,31,0.688076804742764,0.5,1.0,1.0,0.9726315789473685,0.015159580091668401,0.0,0.0,0.0,0.0,0.0,0.0,0.0,0.0,False,2,False
0.95,12,0.0,0.3,20,1.0,1.0,1.0,23.1,23.0,31,0.688076804742764,0.5,1.0,1.0,0.9726315789473685,0.015159580091668401,0.0,0.0,0.0,0.0,0.0,0.0,0.0,0.0,False,2,False
0.95,12,0.0,0.4,20,1.0,1.0,1.0,23.1,23.0,31,0.688076804742764,0.5,0.9963636363636363,0.975,0.9726315789473685,0.015159580091668401,-0.0036363636363636598,0.0,0.0,-0.0036363636363636598,0.0,0.0,-0.0036363636363636598,0.0,False,4,False
0.95,12,0.1,0.1,20,1.0,1.0,1.0,23.1,23.0,31,0.688076804742764,0.5,1.0,1.0,0.9726315789473685,0.015159580091668401,0.0,0.0,0.0,0.0,0.0,0.0,0.0,0.0,False,2,False
0.95,12,0.1,0.2,20,1.0,1.0,1.0,23.1,23.0,31,0.688076804742764,0.5,1.0,1.0,0.9726315789473685,0.015159580091668401,0.0,0.0,0.0,0.0,0.0,0.0,0.0,0.0,False,2,False
0.95,12,0.1,0.3,20,1.0,1.0,1.0,23.1,23.0,31,0.688076804742764,0.5,0.99875,0.975,0.9726315789473685,0.015159580091668401,-0.0012499999999999734,0.0,0.0,-0.0012499999999999734,0.0,0.0,-0.0012499999999999734,0.0,False,4,False
0.95,12,0.1,0.4,20,1.0,1.0,1.0,23.1,23.0,31,0.688076804742764,0.5,0.992840909090909,0.9318181818181818,0.9726315789473685,0.015159580091668401,-0.007159090909090948,0.0,0.0,-0.007159090909090948,0.0,0.0,-0.007159090909090948,0.0,False,4,False
0.95,12,0.2,0.1,20,1.0,1.0,1.0,23.1,23.0,31,0.688076804742764,0.5,1.0,1.0,0.9726315789473685,0.015159580091668401,0.0,0.0,0.0,0.0,0.0,0.0,0.0,0.0,False,2,False
0.95,12,0.2,0.2,20,1.0,1.0,1.0,23.1,23.0,31,0.688076804742764,0.5,0.99875,0.975,0.9726315789473685,0.015159580091668401,-0.0012499999999999734,0.0,0.0,-0.0012499999999999734,0.0,0.0,-0.0012499999999999734,0.0,False,4,False
0.95,12,0.2,0.3,20,1.0,1.0,1.0,23.1,23.0,31,0.688076804742764,0.5,0.9964772727272727,0.9545454545454546,0.9726315789473685,0.015159580091668401,-0.0035227272727272885,0.0,0.0,-0.0035227272727272885,0.0,0.0,-0.0035227272727272885,0.0,False,4,False
0.95,12,0.2,0.4,20,1.0,1.0,1.0,23.1,23.0,31,0.688076804742764,0.5,0.9831818181818182,0.9318181818181818,0.9726315789473685,0.015159580091668401,-0.016818181818181843,0.0,0.0,-0.016818181818181843,0.0,0.0,-0.016818181818181843,0.0,False,5,False
0.95,12,0.3,0.1,20,1.0,1.0,1.0,23.1,23.0,31,0.688076804742764,0.5,1.0,1.0,0.9726315789473685,0.015159580091668401,0.0,0.0,0.0,0.0,0.0,0.0,0.0,0.0,False,2,False
0.95,12,0.3,0.2,20,1.0,1.0,1.0,23.1,23.0,31,0.688076804742764,0.5,0.9976136363636364,0.975,0.9726315789473685,0.015159580091668401,-0.0023863636363635754,0.0,0.0,-0.0023863636363635754,0.0,0.0,-0.0023863636363635754,0.0,False,4,False
0.95,12,0.3,0.3,20,1.0,1.0,1.0,23.1,23.0,31,0.688076804742764,0.5,0.9939772727272727,0.9545454545454546,0.9726315789473685,0.015159580091668401,-0.006022727272727346,0.0,0.0,-0.006022727272727346,0.0,0.0,-0.006022727272727346,0.0,False,4,False
0.95,12,0.3,0.4,20,1.0,1.0,1.0,23.1,23.0,31,0.688076804742764,0.5,0.9755303030303031,0.9,0.9726315789473685,0.015159580091668401,-0.02446969696969692,0.0,0.0,-0.02446969696969692,0.0,0.0,-0.02094696969696963,0.0,False,5,False
0.95,14,0.0,0.1,20,1.0,1.0,1.0,23.1,23.0,31,0.688076804742764,0.5,1.0,1.0,0.9726315789473685,0.015159580091668401,0.0,0.0,0.0,0.0,0.0,0.0,0.0,0.0,False,2,False
0.95,14,0.0,0.2,20,1.0,1.0,1.0,23.1,23.0,31,0.688076804742764,0.5,1.0,1.0,0.9726315789473685,0.015159580091668401,0.0,0.0,0.0,0.0,0.0,0.0,0.0,0.0,False,2,False
0.95,14,0.0,0.3,20,1.0,1.0,1.0,23.1,23.0,31,0.688076804742764,0.5,1.0,1.0,0.9726315789473685,0.015159580091668401,0.0,0.0,0.0,0.0,0.0,0.0,0.0,0.0,False,2,False
0.95,14,0.0,0.4,20,1.0,1.0,1.0,23.1,23.0,31,0.688076804742764,0.5,0.9963636363636363,0.975,0.9726315789473685,0.015159580091668401,-0.0036363636363636598,0.0,0.0,-0.0036363636363636598,0.0,0.0,-0.0036363636363636598,0.0,False,4,False
0.95,14,0.1,0.1,20,1.0,1.0,1.0,23.1,23.0,31,0.688076804742764,0.5,1.0,1.0,0.9726315789473685,0.015159580091668401,0.0,0.0,0.0,0.0,0.0,0.0,0.0,0.0,False,2,False
0.95,14,0.1,0.2,20,1.0,1.0,1.0,23.1,23.0,31,0.688076804742764,0.5,1.0,1.0,0.9726315789473685,0.015159580091668401,0.0,0.0,0.0,0.0,0.0,0.0,0.0,0.0,False,2,False
0.95,14,0.1,0.3,20,1.0,1.0,1.0,23.1,23.0,31,0.688076804742764,0.5,0.99875,0.975,0.9726315789473685,0.015159580091668401,-0.0012499999999999734,0.0,0.0,-0.0012499999999999734,0.0,0.0,-0.0012499999999999734,0.0,False,4,False
0.95,14,0.1,0.4,20,1.0,1.0,1.0,23.1,23.0,31,0.688076804742764,0.5,0.992840909090909,0.9318181818181818,0.9726315789473685,0.015159580091668401,-0.007159090909090948,0.0,0.0,-0.007159090909090948,0.0,0.0,-0.007159090909090948,0.0,False,4,False
0.95,14,0.2,0.1,20,1.0,1.0,1.0,23.1,23.0,31,0.688076804742764,0.5,1.0,1.0,0.9726315789473685,0.015159580091668401,0.0,0.0,0.0,0.0,0.0,0.0,0.0,0.0,False,2,False
0.95,14,0.2,0.2,20,1.0,1.0,1.0,23.1,23.0,31,0.688076804742764,0.5,0.99875,0.975,0.9726315789473685,0.015159580091668401,-0.0012499999999999734,0.0,0.0,-0.0012499999999999734,0.0,0.0,-0.0012499999999999734,0.0,False,4,False
0.95,14,0.2,0.3,20,1.0,1.0,1.0,23.1,23.0,31,0.688076804742764,0.5,0.9964772727272727,0.9545454545454546,0.9726315789473685,0.015159580091668401,-0.0035227272727272885,0.0,0.0,-0.0035227272727272885,0.0,0.0,-0.0035227272727272885,0.0,False,4,False
0.95,14,0.2,0.4,20,1.0,1.0,1.0,23.1,23.0,31,0.688076804742764,0.5,0.9831818181818182,0.9318181818181818,0.9726315789473685,0.015159580091668401,-0.016818181818181843,0.0,0.0,-0.016818181818181843,0.0,0.0,-0.016818181818181843,0.0,False,5,False
0.95,14,0.3,0.1,20,1.0,1.0,1.0,23.1,23.0,31,0.688076804742764,0.5,1.0,1.0,0.9726315789473685,0.015159580091668401,0.0,0.0,0.0,0.0,0.0,0.0,0.0,0.0,False,2,False
0.95,14,0.3,0.2,20,1.0,1.0,1.0,23.1,23.0,31,0.688076804742764,0.5,0.9976136363636364,0.975,0.9726315789473685,0.015159580091668401,-0.0023863636363635754,0.0,0.0,-0.0023863636363635754,0.0,0.0,-0.0023863636363635754,0.0,False,4,False
0.95,14,0.3,0.3,20,1.0,1.0,1.0,23.1,23.0,31,0.688076804742764,0.5,0.9939772727272727,0.9545454545454546,0.9726315789473685,0.015159580091668401,-0.006022727272727346,0.0,0.0,-0.006022727272727346,0.0,0.0,-0.006022727272727346,0.0,False,4,False
0.95,14,0.3,0.4,20,1.0,1.0,1.0,23.1,23.0,31,0.688076804742764,0.5,0.9755303030303031,0.9,0.9726315789473685,0.015159580091668401,-0.02446969696969692,0.0,0.0,-0.02446969696969692,0.0,0.0,-0.02094696969696963,0.0,False,5,False
