case,fault,root_cause_service,seed,mask_id,mask_ratio,target_count,redacted_boundary_spans,typed_universe_count,a2_proposal_count,candidate_recall,masked_recall,mrr_within_a2,silver_precision_lower_bound,compression_ratio,budget_saturated,dropped_by_budget,leakage_checks_all_pass,cell_gate_status,cell_gate_passed,run_summary
re2tt_ts-auth-service_cpu_2,cpu,ts-auth-service,11,iid20_l2_s11,0.2,11,13694,658,15,1.0,1.0,1.0,0.7333333333333333,0.9772036474164134,False,0,True,PASS,True,runs/re2tt_ts-auth-service_cpu_2/seed-11/summary.json
re2tt_ts-auth-service_cpu_2,cpu,ts-auth-service,11,iid40_l2_s11,0.4,22,46591,669,32,1.0,1.0,1.0,0.6875,0.9521674140508222,True,1,True,PASS,True,runs/re2tt_ts-auth-service_cpu_2/seed-11/summary.json
re2tt_ts-auth-service_cpu_2,cpu,ts-auth-service,17,iid20_l2_s17,0.2,11,11489,658,14,1.0,1.0,1.0,0.7857142857142857,0.9787234042553191,False,0,True,PASS,True,runs/re2tt_ts-auth-service_cpu_2/seed-17/summary.json
re2tt_ts-auth-service_cpu_2,cpu,ts-auth-service,17,iid40_l2_s17,0.4,22,23843,669,28,1.0,1.0,1.0,0.7857142857142857,0.9581464872944694,False,0,True,PASS,True,runs/re2tt_ts-auth-service_cpu_2/seed-17/summary.json
re2tt_ts-auth-service_cpu_2,cpu,ts-auth-service,23,iid20_l2_s23,0.2,11,9148,658,15,1.0,1.0,1.0,0.7333333333333333,0.9772036474164134,False,0,True,PASS,True,runs/re2tt_ts-auth-service_cpu_2/seed-23/summary.json
re2tt_ts-auth-service_cpu_2,cpu,ts-auth-service,23,iid40_l2_s23,0.4,22,40657,669,32,1.0,1.0,1.0,0.6875,0.9521674140508222,False,0,True,PASS,True,runs/re2tt_ts-auth-service_cpu_2/seed-23/summary.json
re2tt_ts-auth-service_cpu_2,cpu,ts-auth-service,31,iid20_l2_s31,0.2,11,9883,658,13,1.0,1.0,1.0,0.8461538461538461,0.9802431610942249,False,0,True,PASS,True,runs/re2tt_ts-auth-service_cpu_2/seed-31/summary.json
re2tt_ts-auth-service_cpu_2,cpu,ts-auth-service,31,iid40_l2_s31,0.4,22,41795,669,31,1.0,1.0,0.9545454545454546,0.7096774193548387,0.953662182361734,False,0,True,PASS,True,runs/re2tt_ts-auth-service_cpu_2/seed-31/summary.json
re2tt_ts-auth-service_cpu_2,cpu,ts-auth-service,47,iid20_l2_s47,0.2,11,2475,658,12,1.0,1.0,1.0,0.9166666666666666,0.9817629179331308,False,0,True,PASS,True,runs/re2tt_ts-auth-service_cpu_2/seed-47/summary.json
re2tt_ts-auth-service_cpu_2,cpu,ts-auth-service,47,iid40_l2_s47,0.4,22,28616,669,27,1.0,1.0,1.0,0.8148148148148148,0.9596412556053812,False,0,True,PASS,True,runs/re2tt_ts-auth-service_cpu_2/seed-47/summary.json
re2tt_ts-auth-service_delay_3,delay,ts-auth-service,11,iid20_l2_s11,0.2,11,22379,658,25,1.0,1.0,0.9090909090909091,0.44,0.9620060790273556,False,0,True,PASS,True,runs/re2tt_ts-auth-service_delay_3/seed-11/summary.json
re2tt_ts-auth-service_delay_3,delay,ts-auth-service,11,iid40_l2_s11,0.4,21,55848,668,32,1.0,1.0,0.9285714285714286,0.65625,0.9520958083832335,True,19,True,PASS,True,runs/re2tt_ts-auth-service_delay_3/seed-11/summary.json
re2tt_ts-auth-service_delay_3,delay,ts-auth-service,17,iid20_l2_s17,0.2,11,21131,658,24,1.0,1.0,1.0,0.4583333333333333,0.9635258358662614,False,0,True,PASS,True,runs/re2tt_ts-auth-service_delay_3/seed-17/summary.json
re2tt_ts-auth-service_delay_3,delay,ts-auth-service,17,iid40_l2_s17,0.4,21,33218,668,32,1.0,1.0,0.9761904761904762,0.65625,0.9520958083832335,True,11,True,PASS,True,runs/re2tt_ts-auth-service_delay_3/seed-17/summary.json
re2tt_ts-auth-service_delay_3,delay,ts-auth-service,23,iid20_l2_s23,0.2,11,12826,658,17,1.0,1.0,1.0,0.6470588235294118,0.9741641337386018,False,0,True,PASS,True,runs/re2tt_ts-auth-service_delay_3/seed-23/summary.json
re2tt_ts-auth-service_delay_3,delay,ts-auth-service,23,iid40_l2_s23,0.4,21,40138,668,32,1.0,1.0,1.0,0.65625,0.9520958083832335,True,7,True,PASS,True,runs/re2tt_ts-auth-service_delay_3/seed-23/summary.json
re2tt_ts-auth-service_delay_3,delay,ts-auth-service,31,iid20_l2_s31,0.2,11,7334,658,26,1.0,1.0,1.0,0.4230769230769231,0.9604863221884499,False,0,True,PASS,True,runs/re2tt_ts-auth-service_delay_3/seed-31/summary.json
re2tt_ts-auth-service_delay_3,delay,ts-auth-service,31,iid40_l2_s31,0.4,21,31759,668,32,1.0,1.0,0.9523809523809523,0.65625,0.9520958083832335,True,20,True,PASS,True,runs/re2tt_ts-auth-service_delay_3/seed-31/summary.json
re2tt_ts-auth-service_delay_3,delay,ts-auth-service,47,iid20_l2_s47,0.2,11,8516,658,25,1.0,1.0,1.0,0.44,0.9620060790273556,False,0,True,PASS,True,runs/re2tt_ts-auth-service_delay_3/seed-47/summary.json
re2tt_ts-auth-service_delay_3,delay,ts-auth-service,47,iid40_l2_s47,0.4,21,38969,668,32,1.0,1.0,1.0,0.65625,0.9520958083832335,True,15,True,PASS,True,runs/re2tt_ts-auth-service_delay_3/seed-47/summary.json
re2tt_ts-order-service_disk_3,disk,ts-order-service,11,iid20_l2_s11,0.2,4,7981,364,5,1.0,1.0,1.0,0.8,0.9862637362637363,False,0,True,PASS,True,runs/re2tt_ts-order-service_disk_3/seed-11/summary.json
re2tt_ts-order-service_disk_3,disk,ts-order-service,11,iid40_l2_s11,0.4,8,8938,368,9,1.0,1.0,1.0,0.8888888888888888,0.9755434782608695,False,0,True,PASS,True,runs/re2tt_ts-order-service_disk_3/seed-11/summary.json
re2tt_ts-order-service_disk_3,disk,ts-order-service,17,iid20_l2_s17,0.2,4,3784,364,7,1.0,1.0,1.0,0.5714285714285714,0.9807692307692307,False,0,True,PASS,True,runs/re2tt_ts-order-service_disk_3/seed-17/summary.json
re2tt_ts-order-service_disk_3,disk,ts-order-service,17,iid40_l2_s17,0.4,8,7808,368,11,1.0,1.0,1.0,0.7272727272727273,0.970108695652174,False,0,True,PASS,True,runs/re2tt_ts-order-service_disk_3/seed-17/summary.json
re2tt_ts-order-service_disk_3,disk,ts-order-service,23,iid20_l2_s23,0.2,4,1007,364,4,1.0,1.0,1.0,1.0,0.989010989010989,False,0,True,PASS,True,runs/re2tt_ts-order-service_disk_3/seed-23/summary.json
re2tt_ts-order-service_disk_3,disk,ts-order-service,23,iid40_l2_s23,0.4,8,4799,368,10,1.0,1.0,1.0,0.8,0.9728260869565217,False,0,True,PASS,True,runs/re2tt_ts-order-service_disk_3/seed-23/summary.json
re2tt_ts-order-service_disk_3,disk,ts-order-service,31,iid20_l2_s31,0.2,4,1044,364,4,1.0,1.0,1.0,1.0,0.989010989010989,False,0,True,PASS,True,runs/re2tt_ts-order-service_disk_3/seed-31/summary.json
re2tt_ts-order-service_disk_3,disk,ts-order-service,31,iid40_l2_s31,0.4,8,4927,368,11,1.0,1.0,1.0,0.7272727272727273,0.970108695652174,False,0,True,PASS,True,runs/re2tt_ts-order-service_disk_3/seed-31/summary.json
re2tt_ts-order-service_disk_3,disk,ts-order-service,47,iid20_l2_s47,0.2,4,5066,364,7,1.0,1.0,1.0,0.5714285714285714,0.9807692307692307,False,0,True,PASS,True,runs/re2tt_ts-order-service_disk_3/seed-47/summary.json
re2tt_ts-order-service_disk_3,disk,ts-order-service,47,iid40_l2_s47,0.4,8,8823,368,14,1.0,1.0,1.0,0.5714285714285714,0.9619565217391304,False,0,True,PASS,True,runs/re2tt_ts-order-service_disk_3/seed-47/summary.json
re2tt_ts-train-service_loss_3,loss,ts-train-service,11,iid20_l2_s11,0.2,11,11017,658,13,1.0,1.0,1.0,0.8461538461538461,0.9802431610942249,False,0,True,PASS,True,runs/re2tt_ts-train-service_loss_3/seed-11/summary.json
re2tt_ts-train-service_loss_3,loss,ts-train-service,11,iid40_l2_s11,0.4,22,46864,669,30,1.0,1.0,1.0,0.7333333333333333,0.9551569506726457,False,0,True,PASS,True,runs/re2tt_ts-train-service_loss_3/seed-11/summary.json
re2tt_ts-train-service_loss_3,loss,ts-train-service,17,iid20_l2_s17,0.2,11,8194,658,13,1.0,1.0,1.0,0.8461538461538461,0.9802431610942249,False,0,True,PASS,True,runs/re2tt_ts-train-service_loss_3/seed-17/summary.json
re2tt_ts-train-service_loss_3,loss,ts-train-service,17,iid40_l2_s17,0.4,22,20497,669,24,1.0,1.0,1.0,0.9166666666666666,0.9641255605381166,False,0,True,PASS,True,runs/re2tt_ts-train-service_loss_3/seed-17/summary.json
re2tt_ts-train-service_loss_3,loss,ts-train-service,23,iid20_l2_s23,0.2,11,5844,658,12,1.0,1.0,1.0,0.9166666666666666,0.9817629179331308,False,0,True,PASS,True,runs/re2tt_ts-train-service_loss_3/seed-23/summary.json
re2tt_ts-train-service_loss_3,loss,ts-train-service,23,iid40_l2_s23,0.4,22,36801,669,27,1.0,1.0,1.0,0.8148148148148148,0.9596412556053812,False,0,True,PASS,True,runs/re2tt_ts-train-service_loss_3/seed-23/summary.json
re2tt_ts-train-service_loss_3,loss,ts-train-service,31,iid20_l2_s31,0.2,11,21876,658,14,1.0,1.0,0.9545454545454546,0.7857142857142857,0.9787234042553191,False,0,True,PASS,True,runs/re2tt_ts-train-service_loss_3/seed-31/summary.json
re2tt_ts-train-service_loss_3,loss,ts-train-service,31,iid40_l2_s31,0.4,22,40279,669,27,1.0,1.0,0.9545454545454546,0.8148148148148148,0.9596412556053812,False,0,True,PASS,True,runs/re2tt_ts-train-service_loss_3/seed-31/summary.json
re2tt_ts-train-service_loss_3,loss,ts-train-service,47,iid20_l2_s47,0.2,11,5879,658,14,1.0,1.0,1.0,0.7857142857142857,0.9787234042553191,False,0,True,PASS,True,runs/re2tt_ts-train-service_loss_3/seed-47/summary.json
re2tt_ts-train-service_loss_3,loss,ts-train-service,47,iid40_l2_s47,0.4,22,32348,669,28,1.0,1.0,1.0,0.7857142857142857,0.9581464872944694,False,0,True,PASS,True,runs/re2tt_ts-train-service_loss_3/seed-47/summary.json
re2tt_ts-travel-service_mem_3,mem,ts-travel-service,11,iid20_l2_s11,0.2,10,11153,657,18,1.0,1.0,1.0,0.5555555555555556,0.9726027397260274,False,0,True,PASS,True,runs/re2tt_ts-travel-service_mem_3/seed-11/summary.json
re2tt_ts-travel-service_mem_3,mem,ts-travel-service,11,iid40_l2_s11,0.4,20,53340,667,32,1.0,1.0,0.9,0.625,0.952023988005997,True,12,True,PASS,True,runs/re2tt_ts-travel-service_mem_3/seed-11/summary.json
re2tt_ts-travel-service_mem_3,mem,ts-travel-service,17,iid20_l2_s17,0.2,10,7465,657,21,1.0,1.0,0.95,0.47619047619047616,0.9680365296803652,False,0,True,PASS,True,runs/re2tt_ts-travel-service_mem_3/seed-17/summary.json
re2tt_ts-travel-service_mem_3,mem,ts-travel-service,17,iid40_l2_s17,0.4,20,18659,667,32,1.0,1.0,0.975,0.625,0.952023988005997,True,7,True,PASS,True,runs/re2tt_ts-travel-service_mem_3/seed-17/summary.json
re2tt_ts-travel-service_mem_3,mem,ts-travel-service,23,iid20_l2_s23,0.2,10,31034,657,21,1.0,1.0,1.0,0.47619047619047616,0.9680365296803652,False,0,True,PASS,True,runs/re2tt_ts-travel-service_mem_3/seed-23/summary.json
re2tt_ts-travel-service_mem_3,mem,ts-travel-service,23,iid40_l2_s23,0.4,20,43285,667,32,1.0,1.0,1.0,0.625,0.952023988005997,True,7,True,PASS,True,runs/re2tt_ts-travel-service_mem_3/seed-23/summary.json
re2tt_ts-travel-service_mem_3,mem,ts-travel-service,31,iid20_l2_s31,0.2,10,8263,657,20,1.0,1.0,0.95,0.5,0.969558599695586,False,0,True,PASS,True,runs/re2tt_ts-travel-service_mem_3/seed-31/summary.json
re2tt_ts-travel-service_mem_3,mem,ts-travel-service,31,iid40_l2_s31,0.4,20,30867,667,32,1.0,1.0,0.85,0.625,0.952023988005997,True,12,True,PASS,True,runs/re2tt_ts-travel-service_mem_3/seed-31/summary.json
re2tt_ts-travel-service_mem_3,mem,ts-travel-service,47,iid20_l2_s47,0.2,10,5538,657,16,1.0,1.0,1.0,0.625,0.9756468797564688,False,0,True,PASS,True,runs/re2tt_ts-travel-service_mem_3/seed-47/summary.json
re2tt_ts-travel-service_mem_3,mem,ts-travel-service,47,iid40_l2_s47,0.4,20,12683,667,32,1.0,1.0,0.975,0.625,0.952023988005997,True,4,True,PASS,True,runs/re2tt_ts-travel-service_mem_3/seed-47/summary.json
re2tt_ts-travel-service_socket_3,socket,ts-travel-service,11,iid20_l2_s11,0.2,10,14557,657,14,1.0,1.0,1.0,0.7142857142857143,0.9786910197869102,False,0,True,PASS,True,runs/re2tt_ts-travel-service_socket_3/seed-11/summary.json
re2tt_ts-travel-service_socket_3,socket,ts-travel-service,11,iid40_l2_s11,0.4,21,42198,668,32,1.0,1.0,1.0,0.65625,0.9520958083832335,True,2,True,PASS,True,runs/re2tt_ts-travel-service_socket_3/seed-11/summary.json
re2tt_ts-travel-service_socket_3,socket,ts-travel-service,17,iid20_l2_s17,0.2,10,5276,657,11,1.0,1.0,1.0,0.9090909090909091,0.9832572298325724,False,0,True,PASS,True,runs/re2tt_ts-travel-service_socket_3/seed-17/summary.json
re2tt_ts-travel-service_socket_3,socket,ts-travel-service,17,iid40_l2_s17,0.4,21,17836,668,25,1.0,1.0,1.0,0.84,0.9625748502994012,False,0,True,PASS,True,runs/re2tt_ts-travel-service_socket_3/seed-17/summary.json
re2tt_ts-travel-service_socket_3,socket,ts-travel-service,23,iid20_l2_s23,0.2,10,23532,657,14,1.0,1.0,1.0,0.7142857142857143,0.9786910197869102,False,0,True,PASS,True,runs/re2tt_ts-travel-service_socket_3/seed-23/summary.json
re2tt_ts-travel-service_socket_3,socket,ts-travel-service,23,iid40_l2_s23,0.4,21,38940,668,30,1.0,1.0,1.0,0.7,0.9550898203592815,False,0,True,PASS,True,runs/re2tt_ts-travel-service_socket_3/seed-23/summary.json
re2tt_ts-travel-service_socket_3,socket,ts-travel-service,31,iid20_l2_s31,0.2,10,16444,657,15,1.0,1.0,1.0,0.6666666666666666,0.9771689497716896,False,0,True,PASS,True,runs/re2tt_ts-travel-service_socket_3/seed-31/summary.json
re2tt_ts-travel-service_socket_3,socket,ts-travel-service,31,iid40_l2_s31,0.4,21,27288,668,31,1.0,1.0,1.0,0.6774193548387096,0.9535928143712575,False,0,True,PASS,True,runs/re2tt_ts-travel-service_socket_3/seed-31/summary.json
re2tt_ts-travel-service_socket_3,socket,ts-travel-service,47,iid20_l2_s47,0.2,10,8100,657,14,1.0,1.0,1.0,0.7142857142857143,0.9786910197869102,False,0,True,PASS,True,runs/re2tt_ts-travel-service_socket_3/seed-47/summary.json
re2tt_ts-travel-service_socket_3,socket,ts-travel-service,47,iid40_l2_s47,0.4,21,20398,668,28,1.0,1.0,1.0,0.75,0.9580838323353293,False,0,True,PASS,True,runs/re2tt_ts-travel-service_socket_3/seed-47/summary.json
